timestamp,location,corridor_width_m,entry_flow_rate_pax_per_min,exit_flow_rate_pax_per_min,transport_arrival_burst,vehicle_count,queue_density_pax_per_m2,weather,festival_peak,pressure_index,risk_level,predicted_crush_window_min
19-04-2026 00:01,Somnath,7,38.46,30.77,0,5,0.93,Clear,0,29.75,Safe,15
19-04-2026 00:02,Somnath,7,41.95,33.56,0,2,1.38,Clear,0,32.44,Moderate,14
19-04-2026 00:03,Somnath,7,42.32,33.85,0,4,1.28,Clear,0,34.1,Moderate,16
19-04-2026 00:04,Somnath,7,51.73,41.38,0,5,1.43,Clear,0,39.99,Moderate,17
19-04-2026 00:05,Somnath,7,44.2,35.36,0,2,0.87,Clear,0,25.79,Safe,17
19-04-2026 00:06,Somnath,7,38.79,31.03,0,5,1.31,Clear,0,35.14,Moderate,15
19-04-2026 00:07,Somnath,7,38.98,31.18,0,2,1.32,Clear,0,30.82,Moderate,16
19-04-2026 00:08,Somnath,7,36.28,29.03,0,4,1.05,Clear,0,29.36,Safe,15
19-04-2026 00:09,Somnath,7,46.26,37.0,0,2,0.99,Clear,0,27.95,Safe,15
19-04-2026 00:10,Somnath,7,34.04,27.23,0,3,1.15,Clear,0,28.74,Safe,13
19-04-2026 00:11,Somnath,7,33.18,26.54,0,5,1.32,Clear,0,33.91,Moderate,14
19-04-2026 00:12,Somnath,7,39.41,31.53,0,4,1.11,Clear,0,30.99,Moderate,15
19-04-2026 00:13,Somnath,7,38.79,31.03,0,2,1.32,Clear,0,30.72,Moderate,21
19-04-2026 00:14,Somnath,7,37.49,29.99,0,4,1.39,Clear,0,34.41,Moderate,16
19-04-2026 00:15,Somnath,7,38.95,31.16,0,5,0.99,Clear,0,30.72,Moderate,15
19-04-2026 00:16,Somnath,7,44.7,35.76,0,3,1.49,Clear,0,36.02,Moderate,15
19-04-2026 00:17,Somnath,7,44.12,35.29,0,5,1.23,Clear,0,35.33,Moderate,17
19-04-2026 00:18,Somnath,7,39.65,31.72,0,3,1.16,Clear,0,30.27,Moderate,15
19-04-2026 00:19,Somnath,7,37.93,30.34,0,2,1.23,Clear,0,29.28,Safe,14
19-04-2026 00:20,Somnath,7,38.7,30.96,0,2,1.36,Clear,0,31.31,Moderate,14
19-04-2026 00:21,Somnath,7,38.08,30.46,0,4,1.3,Clear,0,33.37,Moderate,18
19-04-2026 00:22,Somnath,7,39.24,31.4,0,5,1.3,Clear,0,35.13,Moderate,17
19-04-2026 00:23,Somnath,7,28.57,22.86,0,2,1.54,Clear,0,31.37,Moderate,18
19-04-2026 00:24,Somnath,7,39.33,31.46,0,5,1.54,Clear,0,38.43,Moderate,22
19-04-2026 00:25,Somnath,7,36.29,29.03,0,3,1.37,Clear,0,32.42,Moderate,17
19-04-2026 00:26,Somnath,7,51.07,40.85,0,4,1.18,Clear,0,34.74,Moderate,16
19-04-2026 00:27,Somnath,7,40.98,32.78,0,2,1.07,Clear,0,27.86,Safe,14
19-04-2026 00:28,Somnath,7,41.92,33.53,0,4,1.11,Clear,0,31.56,Moderate,14
19-04-2026 00:29,Somnath,7,42.4,33.92,0,2,1.38,Clear,0,32.44,Moderate,17
19-04-2026 00:30,Somnath,7,43.57,34.86,0,5,1.19,Clear,0,34.59,Moderate,19
19-04-2026 00:31,Somnath,7,39.91,31.92,0,3,1.07,Clear,0,29.1,Safe,12
19-04-2026 00:32,Somnath,7,34.04,27.23,0,2,1.22,Clear,0,28.28,Safe,15
19-04-2026 00:33,Somnath,7,47.8,38.24,0,2,1.34,Clear,0,33.27,Moderate,14
19-04-2026 00:34,Somnath,7,38.8,31.04,0,2,1.49,Clear,0,33.15,Moderate,16
19-04-2026 00:35,Somnath,7,45.76,36.61,0,2,1.1,Clear,0,29.32,Safe,14
19-04-2026 00:36,Somnath,7,38.02,30.41,0,3,0.88,Clear,0,25.99,Safe,12
19-04-2026 00:37,Somnath,7,35.81,28.65,0,5,1.16,Clear,0,32.37,Moderate,15
19-04-2026 00:38,Somnath,7,41.26,33.01,0,3,1.24,Clear,0,31.73,Moderate,13
19-04-2026 00:39,Somnath,7,36.33,29.06,0,3,1.23,Clear,0,30.38,Moderate,13
19-04-2026 00:40,Somnath,7,48.14,38.52,0,2,1.42,Clear,0,34.49,Moderate,15
19-04-2026 00:41,Somnath,7,41.14,32.91,0,5,0.94,Clear,0,30.48,Moderate,16
19-04-2026 00:42,Somnath,7,38.83,31.06,0,4,0.9,Clear,0,27.89,Safe,13
19-04-2026 00:43,Somnath,7,44.67,35.73,0,3,1.01,Clear,0,29.3,Safe,19
19-04-2026 00:44,Somnath,7,45.23,36.19,0,2,1.23,Clear,0,31.04,Moderate,15
19-04-2026 00:45,Somnath,7,49.79,39.84,0,2,1.17,Clear,0,31.31,Moderate,17
19-04-2026 00:46,Somnath,7,40.31,32.25,0,2,1.24,Clear,0,30.09,Moderate,12
19-04-2026 00:47,Somnath,7,38.24,30.59,0,2,0.96,Clear,0,25.63,Safe,13
19-04-2026 00:48,Somnath,7,45.98,36.79,0,3,1.06,Clear,0,30.41,Moderate,11
19-04-2026 00:49,Somnath,7,36.73,29.39,0,2,0.81,Clear,0,23.19,Safe,12
19-04-2026 00:50,Somnath,7,43.59,34.87,0,5,1.0,Clear,0,31.98,Moderate,15
19-04-2026 00:51,Somnath,7,36.9,29.52,0,3,1.64,Clear,0,36.26,Moderate,18
19-04-2026 00:52,Somnath,7,36.25,29.0,0,2,1.33,Clear,0,30.29,Moderate,13
19-04-2026 00:53,Somnath,7,36.65,29.32,0,5,1.51,Clear,0,37.44,Moderate,17
19-04-2026 00:54,Somnath,7,48.79,39.03,0,3,1.61,Clear,0,38.76,Moderate,19
19-04-2026 00:55,Somnath,7,37.45,29.96,0,5,1.32,Clear,0,34.93,Moderate,16
19-04-2026 00:56,Somnath,7,43.77,35.02,0,5,1.21,Clear,0,34.97,Moderate,16
19-04-2026 00:57,Somnath,7,40.45,32.36,0,3,1.18,Clear,0,30.67,Moderate,16
19-04-2026 00:58,Somnath,7,45.1,36.08,0,5,1.29,Clear,0,36.44,Moderate,20
19-04-2026 00:59,Somnath,7,44.05,35.24,0,4,1.07,Clear,0,31.56,Moderate,14
19-04-2026 01:00,Somnath,7,42.88,34.31,0,4,1.0,Clear,0,30.3,Moderate,16
19-04-2026 01:01,Somnath,7,41.08,32.86,0,2,1.31,Clear,0,31.25,Moderate,16
19-04-2026 01:02,Somnath,7,30.9,24.72,0,5,1.4,Clear,0,34.5,Moderate,16
19-04-2026 01:03,Somnath,7,49.8,39.84,0,3,1.31,Clear,0,34.82,Moderate,17
19-04-2026 01:04,Somnath,7,38.38,30.71,0,3,1.45,Clear,0,33.99,Moderate,17
19-04-2026 01:05,Somnath,7,35.21,28.17,0,4,1.1,Clear,0,29.86,Safe,12
19-04-2026 01:06,Somnath,7,40.83,32.66,0,2,1.18,Clear,0,29.34,Safe,14
19-04-2026 01:07,Somnath,7,34.66,27.72,0,4,1.07,Clear,0,29.29,Safe,15
19-04-2026 01:08,Somnath,7,40.34,32.27,0,2,1.23,Clear,0,29.9,Safe,19
19-04-2026 01:09,Somnath,7,38.59,30.87,0,3,1.27,Clear,0,31.51,Moderate,14
19-04-2026 01:10,Somnath,7,44.71,35.77,0,3,1.44,Clear,0,35.39,Moderate,18
19-04-2026 01:11,Somnath,7,51.2,40.96,0,4,1.23,Clear,0,35.54,Moderate,15
19-04-2026 01:12,Somnath,7,37.06,29.65,0,4,0.62,Clear,0,23.55,Safe,10
19-04-2026 01:13,Somnath,7,43.2,34.56,0,5,1.05,Clear,0,32.61,Moderate,13
19-04-2026 01:14,Somnath,7,51.63,41.31,0,2,1.18,Clear,0,31.96,Moderate,16
19-04-2026 01:15,Somnath,7,42.63,34.11,0,5,1.21,Clear,0,34.62,Moderate,16
19-04-2026 01:16,Somnath,7,39.67,31.74,0,3,1.19,Clear,0,30.68,Moderate,15
19-04-2026 01:17,Somnath,7,40.53,32.42,0,5,1.3,Clear,0,35.48,Moderate,16
19-04-2026 01:18,Somnath,7,28.58,22.87,0,2,1.15,Clear,0,26.0,Safe,16
19-04-2026 01:19,Somnath,7,43.55,34.84,0,5,1.11,Clear,0,33.51,Moderate,15
19-04-2026 01:20,Somnath,7,42.86,34.29,0,3,1.1,Clear,0,30.26,Moderate,15
19-04-2026 01:21,Somnath,7,40.9,32.72,0,5,1.01,Clear,0,31.49,Moderate,14
19-04-2026 01:22,Somnath,7,38.46,30.77,0,3,1.37,Clear,0,32.85,Moderate,13
19-04-2026 01:23,Somnath,7,35.26,28.2,0,3,1.55,Clear,0,34.63,Moderate,18
19-04-2026 01:24,Somnath,7,38.9,31.12,0,3,1.25,Clear,0,31.39,Moderate,17
19-04-2026 01:25,Somnath,7,43.27,34.61,0,2,0.98,Clear,0,27.17,Safe,14
19-04-2026 01:26,Somnath,7,33.27,26.62,0,5,0.92,Clear,0,28.41,Safe,12
19-04-2026 01:27,Somnath,7,44.12,35.3,0,2,1.08,Clear,0,28.74,Safe,14
19-04-2026 01:28,Somnath,7,32.49,25.99,0,4,1.28,Clear,0,31.69,Moderate,14
19-04-2026 01:29,Somnath,7,39.1,31.28,0,5,1.52,Clear,0,38.09,Moderate,19
19-04-2026 01:30,Somnath,7,40.36,32.29,0,3,1.29,Clear,0,32.25,Moderate,13
19-04-2026 01:31,Somnath,7,45.14,36.11,0,3,1.27,Clear,0,33.17,Moderate,18
19-04-2026 01:32,Somnath,7,34.51,27.61,0,2,1.15,Clear,0,27.41,Safe,12
19-04-2026 01:33,Somnath,7,43.16,34.53,0,4,1.21,Clear,0,33.36,Moderate,15
19-04-2026 01:34,Somnath,7,42.39,33.91,0,3,1.29,Clear,0,32.69,Moderate,20
19-04-2026 01:35,Somnath,7,37.27,29.82,0,2,1.19,Clear,0,28.66,Safe,10
19-04-2026 01:36,Somnath,7,33.74,26.99,0,3,1.13,Clear,0,28.46,Safe,11
19-04-2026 01:37,Somnath,7,40.26,32.21,0,4,1.27,Clear,0,33.41,Moderate,15
19-04-2026 01:38,Somnath,7,38.33,30.66,0,5,1.25,Clear,0,34.16,Moderate,12
19-04-2026 01:39,Somnath,7,25.87,20.7,0,5,1.13,Clear,0,29.58,Safe,14
19-04-2026 01:40,Somnath,7,42.17,33.74,0,2,0.97,Clear,0,26.65,Safe,12
19-04-2026 01:41,Somnath,7,60.32,48.26,0,7,1.22,Heat,0,42.04,Moderate,20
19-04-2026 01:42,Somnath,7,25.89,20.71,0,7,1.67,Heat,0,40.03,Moderate,19
19-04-2026 01:43,Somnath,7,40.58,32.47,0,8,1.42,Heat,0,41.6,Moderate,21
19-04-2026 01:44,Somnath,7,56.79,45.44,0,8,1.71,Heat,0,49.61,Moderate,26
19-04-2026 01:45,Somnath,7,41.85,33.48,0,6,1.05,Heat,0,33.75,Moderate,16
19-04-2026 01:46,Somnath,7,33.6,26.88,0,11,1.02,Heat,0,38.8,Moderate,22
19-04-2026 01:47,Somnath,7,44.85,35.88,0,11,0.87,Heat,0,39.39,Moderate,17
19-04-2026 01:48,Somnath,7,48.68,38.94,0,7,1.08,Heat,0,37.32,Moderate,16
19-04-2026 01:49,Somnath,7,47.66,38.13,0,9,1.29,Heat,0,43.02,Moderate,22
19-04-2026 01:50,Somnath,7,49.09,39.27,0,10,1.23,Heat,0,44.06,Moderate,23
19-04-2026 01:51,Somnath,7,53.34,42.67,0,6,1.49,Heat,0,42.6,Moderate,22
19-04-2026 01:52,Somnath,7,63.94,51.15,0,6,1.91,Heat,0,51.15,Moderate,29
19-04-2026 01:53,Somnath,7,51.66,41.33,0,10,1.56,Heat,0,49.27,Moderate,22
19-04-2026 01:54,Somnath,7,39.92,31.94,0,8,1.53,Heat,0,43.01,Moderate,20
19-04-2026 01:55,Somnath,7,73.11,58.49,0,10,1.07,Heat,0,47.56,Moderate,24
19-04-2026 01:56,Somnath,7,42.27,33.82,0,5,1.42,Heat,0,37.5,Moderate,17
19-04-2026 01:57,Somnath,7,57.52,46.01,0,5,1.19,Heat,0,37.96,Moderate,20
19-04-2026 01:58,Somnath,7,47.97,38.38,0,7,1.04,Heat,0,36.57,Moderate,17
19-04-2026 01:59,Somnath,7,48.99,39.2,0,5,1.19,Heat,0,35.95,Moderate,18
19-04-2026 02:00,Somnath,7,48.24,38.59,0,7,1.47,Heat,0,42.6,Moderate,20
19-04-2026 02:01,Somnath,7,63.76,51.01,0,9,1.44,Heat,0,48.97,Moderate,27
19-04-2026 02:02,Somnath,7,64.12,51.29,0,9,1.47,Heat,0,49.44,Moderate,24
19-04-2026 02:03,Somnath,7,48.16,38.53,0,9,1.74,Heat,0,49.38,Moderate,22
19-04-2026 02:04,Somnath,7,70.25,56.2,0,6,2.04,Heat,0,54.42,Moderate,28
19-04-2026 02:05,Somnath,7,31.4,25.12,0,10,1.75,Heat,0,47.1,Moderate,28
19-04-2026 02:06,Somnath,7,49.19,39.35,0,5,2.02,Heat,0,47.6,Moderate,24
19-04-2026 02:07,Somnath,7,84.41,67.53,0,9,2.4,Heat,0,67.4,Danger,33
19-04-2026 02:08,Somnath,7,63.68,50.94,0,8,1.53,Heat,0,48.74,Moderate,24
19-04-2026 02:09,Somnath,7,65.59,52.47,0,9,1.97,Heat,0,56.87,Danger,30
19-04-2026 02:10,Somnath,7,44.74,35.79,0,11,1.73,Heat,0,51.47,Moderate,29
19-04-2026 02:11,Somnath,7,88.71,70.96,0,11,1.82,Heat,0,63.29,Danger,34
19-04-2026 02:12,Somnath,7,69.92,55.94,0,6,1.59,Heat,0,48.05,Moderate,24
19-04-2026 02:13,Somnath,7,79.13,63.3,0,11,1.75,Heat,0,59.99,Danger,31
19-04-2026 02:14,Somnath,7,54.56,43.65,0,5,1.57,Heat,0,42.54,Moderate,21
19-04-2026 02:15,Somnath,7,74.94,59.96,0,5,1.47,Heat,0,46.1,Moderate,24
19-04-2026 02:16,Somnath,7,65.67,52.53,0,7,2.28,Heat,0,58.2,Danger,27
19-04-2026 02:17,Somnath,7,68.75,55.0,0,7,1.58,Heat,0,49.13,Moderate,21
19-04-2026 02:18,Somnath,7,85.14,68.11,0,10,1.77,Heat,0,60.19,Danger,27
19-04-2026 02:19,Somnath,7,73.18,58.54,0,11,2.02,Heat,0,62.35,Danger,29
19-04-2026 02:20,Somnath,7,70.25,56.2,0,9,1.95,Heat,0,57.63,Danger,29
19-04-2026 02:21,Somnath,7,80.97,64.78,0,7,1.99,Heat,0,57.8,Danger,30
19-04-2026 02:22,Somnath,7,66.41,53.13,0,8,1.44,Heat,0,48.03,Moderate,22
19-04-2026 02:23,Somnath,7,81.76,65.41,0,10,2.37,Heat,0,67.74,Danger,38
19-04-2026 02:24,Somnath,7,83.14,66.51,0,6,1.97,Heat,0,56.5,Danger,26
19-04-2026 02:25,Somnath,7,84.07,67.26,0,10,2.32,Heat,0,67.67,Danger,31
19-04-2026 02:26,Somnath,7,77.41,61.93,0,7,2.29,Heat,0,61.11,Danger,31
19-04-2026 02:27,Somnath,7,81.81,65.45,0,7,2.03,Heat,0,58.55,Danger,28
19-04-2026 02:28,Somnath,7,82.72,66.18,0,5,1.87,Heat,0,53.5,Moderate,27
19-04-2026 02:29,Somnath,7,75.77,60.61,0,7,2.23,Heat,0,59.91,Danger,27
19-04-2026 02:30,Somnath,7,79.45,63.56,0,6,2.59,Heat,0,64.32,Danger,30
19-04-2026 02:31,Somnath,7,80.44,64.35,0,6,1.94,Heat,0,55.4,Danger,25
19-04-2026 02:32,Somnath,7,82.79,66.23,0,8,1.48,Heat,1,52.57,Moderate,27
19-04-2026 02:33,Somnath,7,84.21,67.37,0,7,1.94,Heat,1,57.82,Danger,26
19-04-2026 02:34,Somnath,7,91.87,73.5,0,11,2.27,Heat,1,70.34,Danger,33
19-04-2026 02:35,Somnath,7,87.82,70.26,0,8,2.41,Heat,1,66.87,Danger,33
19-04-2026 02:36,Somnath,7,81.74,65.39,0,10,2.26,Heat,1,66.23,Danger,30
19-04-2026 02:37,Somnath,7,116.38,93.1,0,5,2.55,Heat,1,71.16,Danger,35
19-04-2026 02:38,Somnath,7,92.33,73.86,0,5,2.15,Heat,1,59.77,Danger,28
19-04-2026 02:39,Somnath,7,120.61,96.48,0,10,2.73,Heat,1,82.2,Critical,38
19-04-2026 02:40,Somnath,7,109.65,87.72,0,8,2.13,Heat,1,68.09,Danger,34
19-04-2026 02:41,Somnath,7,96.33,77.06,0,6,2.45,Heat,1,66.48,Danger,32
19-04-2026 02:42,Somnath,7,100.56,80.45,0,7,2.36,Heat,1,67.65,Danger,34
19-04-2026 02:43,Somnath,7,101.5,81.2,0,7,2.32,Heat,1,67.4,Danger,32
19-04-2026 02:44,Somnath,7,105.34,84.28,0,11,2.43,Heat,1,75.86,Critical,39
19-04-2026 02:45,Somnath,7,105.11,84.09,0,7,2.5,Heat,1,70.75,Danger,36
19-04-2026 02:46,Somnath,7,115.53,92.42,0,11,2.41,Heat,1,78.0,Critical,36
19-04-2026 02:47,Somnath,7,125.99,100.8,0,5,2.33,Heat,1,70.39,Danger,36
19-04-2026 02:48,Somnath,7,96.87,77.5,0,8,2.26,Heat,1,66.91,Danger,33
19-04-2026 02:49,Somnath,7,106.44,85.15,0,10,2.62,Heat,1,77.2,Critical,41
19-04-2026 02:50,Somnath,7,100.96,80.77,0,11,2.14,Heat,1,70.67,Danger,33
19-04-2026 02:51,Somnath,7,111.29,89.03,0,10,2.37,Heat,1,74.91,Danger,35
19-04-2026 02:52,Somnath,7,111.79,89.43,0,6,2.71,Heat,1,73.83,Danger,36
19-04-2026 02:53,Somnath,7,128.59,102.87,0,10,2.5,Heat,1,80.86,Critical,41
19-04-2026 02:54,Somnath,7,114.16,91.33,0,11,2.6,Heat,1,80.23,Critical,39
19-04-2026 02:55,Somnath,7,107.65,86.12,0,5,2.9,Heat,1,74.0,Danger,34
19-04-2026 02:56,Somnath,7,124.63,99.7,0,6,2.77,Heat,1,77.7,Critical,40
19-04-2026 02:57,Somnath,7,113.4,90.72,0,9,2.43,Heat,1,74.74,Danger,40
19-04-2026 02:58,Somnath,7,115.49,92.39,0,5,3.18,Heat,1,79.68,Critical,38
19-04-2026 02:59,Somnath,7,112.91,90.32,0,6,2.89,Heat,1,76.6,Critical,35
19-04-2026 03:00,Somnath,7,111.66,89.33,0,11,2.82,Heat,1,82.74,Critical,41
19-04-2026 03:01,Somnath,7,118.19,94.55,0,9,2.74,Heat,1,80.2,Critical,38
19-04-2026 03:02,Somnath,7,116.17,92.93,0,11,2.9,Heat,1,85.02,Critical,42
19-04-2026 03:03,Somnath,7,126.23,100.99,0,7,2.8,Heat,1,79.97,Critical,42
19-04-2026 03:04,Somnath,7,126.33,101.07,0,9,3.1,Heat,1,87.25,Critical,42
19-04-2026 03:05,Somnath,7,117.73,94.18,0,10,2.65,Heat,1,80.31,Critical,39
19-04-2026 03:06,Somnath,7,111.03,88.82,0,9,3.36,Heat,1,87.13,Critical,46
19-04-2026 03:07,Somnath,7,114.35,91.48,0,7,2.9,Heat,1,78.54,Critical,38
19-04-2026 03:08,Somnath,7,120.69,96.55,0,10,3.12,Heat,1,87.6,Critical,42
19-04-2026 03:09,Somnath,7,129.81,103.85,0,5,2.43,Heat,1,72.7,Danger,39
19-04-2026 03:10,Somnath,7,116.43,93.15,0,11,2.59,Heat,1,80.69,Critical,39
19-04-2026 03:11,Somnath,7,132.35,105.88,0,5,2.56,Heat,1,75.04,Critical,36
19-04-2026 03:12,Somnath,7,132.72,106.18,0,10,3.33,Heat,1,93.5,Critical,51
19-04-2026 03:13,Somnath,7,129.87,103.9,0,9,3.04,Heat,1,87.25,Critical,42
19-04-2026 03:14,Somnath,7,137.34,109.87,0,8,3.27,Heat,1,90.8,Critical,44
19-04-2026 03:15,Somnath,7,130.25,104.2,0,5,3.95,Heat,1,94.08,Critical,40
19-04-2026 03:16,Somnath,7,132.26,105.81,0,5,2.56,Heat,1,75.14,Critical,40
19-04-2026 03:17,Somnath,7,143.7,114.96,0,9,2.72,Heat,1,86.08,Critical,36
19-04-2026 03:18,Somnath,7,142.26,113.81,0,7,3.16,Heat,1,88.81,Critical,43
19-04-2026 03:19,Somnath,7,123.42,98.74,0,8,3.19,Heat,1,86.35,Critical,42
19-04-2026 03:20,Somnath,7,150.47,120.37,0,5,3.26,Heat,1,89.24,Critical,42
19-04-2026 03:21,Somnath,7,143.79,115.03,1,16,2.93,Rain,1,99.54,Critical,50
19-04-2026 03:22,Somnath,7,151.27,121.01,1,19,3.23,Rain,1,100.0,Critical,50
19-04-2026 03:23,Somnath,7,143.38,114.7,1,18,3.26,Rain,1,100.0,Critical,46
19-04-2026 03:24,Somnath,7,161.45,129.16,1,21,3.03,Rain,1,100.0,Critical,48
19-04-2026 03:25,Somnath,7,133.51,106.81,1,21,2.81,Rain,1,100.0,Critical,49
19-04-2026 03:26,Somnath,7,160.11,128.09,1,21,3.57,Rain,1,100.0,Critical,54
19-04-2026 03:27,Somnath,7,142.5,114.0,1,16,3.5,Rain,1,100.0,Critical,50
19-04-2026 03:28,Somnath,7,153.0,122.4,1,16,3.09,Rain,1,100.0,Critical,49
19-04-2026 03:29,Somnath,7,148.88,119.1,1,24,2.87,Rain,1,100.0,Critical,51
19-04-2026 03:30,Somnath,7,146.82,117.45,1,15,2.7,Rain,1,95.55,Critical,51
19-04-2026 03:31,Somnath,7,126.27,101.01,1,15,3.64,Rain,1,100.0,Critical,49
19-04-2026 03:32,Somnath,7,145.86,116.69,1,18,3.57,Rain,1,100.0,Critical,47
19-04-2026 03:33,Somnath,7,160.09,128.08,1,19,2.77,Rain,1,100.0,Critical,49
19-04-2026 03:34,Somnath,7,155.67,124.53,1,24,4.09,Rain,1,100.0,Critical,51
19-04-2026 03:35,Somnath,7,172.17,137.74,1,19,2.93,Rain,1,100.0,Critical,50
19-04-2026 03:36,Somnath,7,143.18,114.54,1,18,3.1,Rain,1,100.0,Critical,51
19-04-2026 03:37,Somnath,7,176.81,141.45,1,19,3.2,Rain,1,100.0,Critical,48
19-04-2026 03:38,Somnath,7,168.51,134.81,1,15,2.21,Rain,1,93.94,Critical,48
19-04-2026 03:39,Somnath,7,157.37,125.9,1,18,3.01,Rain,1,100.0,Critical,49
19-04-2026 03:40,Somnath,7,154.35,123.48,1,22,3.96,Rain,1,100.0,Critical,54
19-04-2026 03:41,Somnath,7,169.33,135.46,1,17,3.76,Rain,1,100.0,Critical,50
19-04-2026 03:42,Somnath,7,155.62,124.5,1,16,3.61,Rain,1,100.0,Critical,48
19-04-2026 03:43,Somnath,7,155.66,124.53,1,22,3.08,Rain,1,100.0,Critical,52
19-04-2026 03:44,Somnath,7,174.09,139.27,1,24,4.01,Rain,1,100.0,Critical,49
19-04-2026 03:45,Somnath,7,155.54,124.43,1,18,3.11,Rain,1,100.0,Critical,47
19-04-2026 03:46,Somnath,7,171.42,137.14,1,19,3.05,Rain,1,100.0,Critical,44
19-04-2026 03:47,Somnath,7,164.55,131.64,1,20,3.5,Rain,1,100.0,Critical,49
19-04-2026 03:48,Somnath,7,183.09,146.47,1,18,4.05,Rain,1,100.0,Critical,47
19-04-2026 03:49,Somnath,7,190.61,152.48,1,24,4.26,Rain,1,100.0,Critical,49
19-04-2026 03:50,Somnath,7,157.86,126.29,1,23,3.44,Rain,1,100.0,Critical,52
19-04-2026 03:51,Somnath,7,189.08,151.26,1,21,3.87,Rain,1,100.0,Critical,47
19-04-2026 03:52,Somnath,7,168.55,134.84,1,18,4.2,Rain,1,100.0,Critical,48
19-04-2026 03:53,Somnath,7,189.86,151.89,1,21,3.64,Rain,1,100.0,Critical,48
19-04-2026 03:54,Somnath,7,181.15,144.92,1,16,4.68,Rain,1,100.0,Critical,52
19-04-2026 03:55,Somnath,7,173.2,138.56,1,24,3.75,Rain,1,100.0,Critical,50
19-04-2026 03:56,Somnath,7,176.8,141.44,1,23,4.26,Rain,1,100.0,Critical,50
19-04-2026 03:57,Somnath,7,192.75,154.2,1,22,3.95,Rain,1,100.0,Critical,50
19-04-2026 03:58,Somnath,7,190.76,152.61,1,15,3.6,Rain,1,100.0,Critical,49
19-04-2026 03:59,Somnath,7,156.42,125.13,1,18,3.73,Rain,1,100.0,Critical,52
19-04-2026 04:00,Somnath,7,180.51,144.41,1,23,3.0,Rain,1,100.0,Critical,49
19-04-2026 04:01,Somnath,7,175.15,140.12,1,22,3.98,Rain,1,100.0,Critical,49
19-04-2026 04:02,Somnath,7,190.38,152.31,1,16,4.17,Rain,1,100.0,Critical,53
19-04-2026 04:03,Somnath,7,165.92,132.73,1,16,4.7,Rain,1,100.0,Critical,53
19-04-2026 04:04,Somnath,7,201.94,161.55,1,18,3.94,Rain,1,100.0,Critical,50
19-04-2026 04:05,Somnath,7,175.76,140.61,1,15,4.86,Rain,1,100.0,Critical,51
19-04-2026 04:06,Somnath,7,198.98,159.18,1,23,3.96,Rain,1,100.0,Critical,52
19-04-2026 04:07,Somnath,7,192.05,153.64,1,15,4.53,Rain,1,100.0,Critical,49
19-04-2026 04:08,Somnath,7,197.35,157.88,1,20,3.72,Rain,1,100.0,Critical,48
19-04-2026 04:09,Somnath,7,224.96,179.97,1,22,3.96,Rain,1,100.0,Critical,49
19-04-2026 04:10,Somnath,7,171.35,137.08,1,24,4.53,Rain,1,100.0,Critical,50
19-04-2026 04:11,Somnath,7,196.72,157.38,1,23,4.05,Rain,1,100.0,Critical,50
19-04-2026 04:12,Somnath,7,196.31,157.05,1,16,4.44,Rain,1,100.0,Critical,50
19-04-2026 04:13,Somnath,7,186.08,148.86,1,23,4.43,Rain,1,100.0,Critical,50
19-04-2026 04:14,Somnath,7,222.25,177.8,1,17,4.63,Rain,1,100.0,Critical,46
19-04-2026 04:15,Somnath,7,201.66,161.32,1,24,4.7,Rain,1,100.0,Critical,52
19-04-2026 04:16,Somnath,7,191.92,153.54,1,24,4.87,Rain,1,100.0,Critical,55
19-04-2026 04:17,Somnath,7,215.3,172.24,1,20,4.3,Rain,1,100.0,Critical,48
19-04-2026 04:18,Somnath,7,212.46,169.97,1,20,4.81,Rain,1,100.0,Critical,51
19-04-2026 04:19,Somnath,7,219.51,175.61,1,24,5.14,Rain,1,100.0,Critical,49
19-04-2026 04:20,Somnath,7,193.72,154.98,1,19,4.23,Rain,1,100.0,Critical,54
19-04-2026 04:21,Somnath,7,201.74,161.39,1,20,4.73,Rain,1,100.0,Critical,49
19-04-2026 04:22,Somnath,7,201.02,160.81,1,16,4.72,Rain,1,100.0,Critical,48
19-04-2026 04:23,Somnath,7,211.87,169.49,1,23,4.49,Rain,1,100.0,Critical,49
19-04-2026 04:24,Somnath,7,217.94,174.35,1,21,4.49,Rain,1,100.0,Critical,53
19-04-2026 04:25,Somnath,7,196.91,157.53,1,22,4.68,Rain,1,100.0,Critical,50
19-04-2026 04:26,Somnath,7,217.07,173.66,1,17,4.67,Rain,1,100.0,Critical,46
19-04-2026 04:27,Somnath,7,214.32,171.45,1,19,5.0,Rain,1,100.0,Critical,48
19-04-2026 04:28,Somnath,7,197.31,157.85,1,20,4.92,Rain,1,100.0,Critical,49
19-04-2026 04:29,Somnath,7,227.24,181.79,1,19,4.83,Rain,1,100.0,Critical,50
19-04-2026 04:30,Somnath,7,231.09,184.87,1,22,5.41,Rain,1,100.0,Critical,51
19-04-2026 04:31,Somnath,7,238.85,191.08,1,24,5.1,Rain,1,100.0,Critical,45
19-04-2026 04:32,Somnath,7,217.58,174.06,1,24,4.89,Rain,1,100.0,Critical,48
19-04-2026 04:33,Somnath,7,208.48,166.78,1,24,5.12,Rain,1,100.0,Critical,47
19-04-2026 04:34,Somnath,7,216.09,172.87,1,21,5.79,Rain,1,100.0,Critical,47
19-04-2026 04:35,Somnath,7,201.21,160.97,1,19,5.22,Rain,1,100.0,Critical,48
19-04-2026 04:36,Somnath,7,212.09,169.67,1,18,5.05,Rain,1,100.0,Critical,49
19-04-2026 04:37,Somnath,7,204.07,163.26,1,22,5.56,Rain,1,100.0,Critical,53
19-04-2026 04:38,Somnath,7,244.26,195.41,1,15,4.6,Rain,1,100.0,Critical,47
19-04-2026 04:39,Somnath,7,222.14,177.71,1,16,5.62,Rain,1,100.0,Critical,52
19-04-2026 04:40,Somnath,7,232.38,185.91,1,24,4.94,Rain,1,100.0,Critical,49
19-04-2026 04:41,Somnath,7,229.57,183.66,1,20,5.57,Rain,1,100.0,Critical,49
19-04-2026 04:42,Somnath,7,210.86,168.69,1,15,4.98,Rain,1,100.0,Critical,46
19-04-2026 04:43,Somnath,7,221.14,176.92,1,24,5.46,Rain,1,100.0,Critical,51
19-04-2026 04:44,Somnath,7,242.2,193.76,1,16,5.21,Rain,1,100.0,Critical,52
19-04-2026 04:45,Somnath,7,224.95,179.96,1,16,5.35,Rain,1,100.0,Critical,49
19-04-2026 04:46,Somnath,7,204.81,163.85,1,17,5.43,Rain,1,100.0,Critical,47
19-04-2026 04:47,Somnath,7,237.29,189.83,1,20,5.69,Rain,1,100.0,Critical,54
19-04-2026 04:48,Somnath,7,250.92,200.74,1,16,5.24,Rain,1,100.0,Critical,56
19-04-2026 04:49,Somnath,7,214.07,171.26,1,18,5.44,Rain,1,100.0,Critical,48
19-04-2026 04:50,Somnath,7,245.68,196.54,1,17,4.97,Rain,1,100.0,Critical,50
19-04-2026 04:51,Somnath,7,274.17,219.34,1,15,5.0,Rain,1,100.0,Critical,47
19-04-2026 04:52,Somnath,7,273.74,219.0,1,23,5.56,Rain,1,100.0,Critical,50
19-04-2026 04:53,Somnath,7,259.58,207.67,1,22,5.53,Rain,1,100.0,Critical,51
19-04-2026 04:54,Somnath,7,256.37,205.09,1,21,5.69,Rain,1,100.0,Critical,48
19-04-2026 04:55,Somnath,7,249.0,199.2,1,21,5.95,Rain,1,100.0,Critical,52
19-04-2026 04:56,Somnath,7,254.9,203.92,1,21,6.37,Rain,1,100.0,Critical,50
19-04-2026 04:57,Somnath,7,237.47,189.97,1,20,5.37,Rain,1,100.0,Critical,47
19-04-2026 04:58,Somnath,7,269.35,215.48,1,19,5.95,Rain,1,100.0,Critical,51
19-04-2026 04:59,Somnath,7,266.8,213.44,1,15,5.47,Rain,1,100.0,Critical,49
19-04-2026 05:00,Somnath,7,248.53,198.83,1,16,6.11,Rain,1,100.0,Critical,50
19-04-2026 05:01,Somnath,7,243.04,194.43,0,20,5.49,Clear,0,100.0,Critical,50
19-04-2026 05:02,Somnath,7,257.3,205.84,0,20,5.48,Clear,0,100.0,Critical,53
19-04-2026 05:03,Somnath,7,242.72,194.18,0,20,5.27,Clear,0,100.0,Critical,47
19-04-2026 05:04,Somnath,7,271.09,216.87,0,20,5.52,Clear,0,100.0,Critical,49
19-04-2026 05:05,Somnath,7,250.11,200.09,0,20,6.05,Clear,0,100.0,Critical,51
19-04-2026 05:06,Somnath,7,260.26,208.21,0,20,5.32,Clear,0,100.0,Critical,50
19-04-2026 05:07,Somnath,7,251.19,200.95,0,20,5.38,Clear,0,100.0,Critical,46
19-04-2026 05:08,Somnath,7,261.49,209.19,0,20,5.67,Clear,0,100.0,Critical,54
19-04-2026 05:09,Somnath,7,249.1,199.28,0,20,5.74,Clear,0,100.0,Critical,52
19-04-2026 05:10,Somnath,7,245.75,196.6,0,20,6.01,Clear,0,100.0,Critical,48
19-04-2026 05:11,Somnath,7,240.98,192.79,0,20,5.03,Clear,0,100.0,Critical,49
19-04-2026 05:12,Somnath,7,244.34,195.47,0,20,5.02,Clear,0,100.0,Critical,50
19-04-2026 05:13,Somnath,7,262.3,209.84,0,19,5.65,Clear,0,100.0,Critical,53
19-04-2026 05:14,Somnath,7,238.54,190.83,0,19,5.34,Clear,0,100.0,Critical,51
19-04-2026 05:15,Somnath,7,235.04,188.03,0,19,4.84,Clear,0,100.0,Critical,51
19-04-2026 05:16,Somnath,7,236.84,189.47,0,19,4.89,Clear,0,100.0,Critical,52
19-04-2026 05:17,Somnath,7,230.95,184.76,0,19,5.07,Clear,0,100.0,Critical,51
19-04-2026 05:18,Somnath,7,230.04,184.03,0,19,5.11,Clear,0,100.0,Critical,49
19-04-2026 05:19,Somnath,7,261.22,208.98,0,19,5.24,Clear,0,100.0,Critical,48
19-04-2026 05:20,Somnath,7,234.18,187.34,0,19,5.41,Clear,0,100.0,Critical,50
19-04-2026 05:21,Somnath,7,228.59,182.87,0,19,5.07,Clear,0,100.0,Critical,50
19-04-2026 05:22,Somnath,7,243.33,194.67,0,19,4.75,Clear,0,100.0,Critical,52
19-04-2026 05:23,Somnath,7,228.08,182.46,0,19,4.41,Clear,0,100.0,Critical,48
19-04-2026 05:24,Somnath,7,232.77,186.21,0,18,4.99,Clear,0,100.0,Critical,48
19-04-2026 05:25,Somnath,7,233.6,186.88,0,18,5.06,Clear,0,100.0,Critical,49
19-04-2026 05:26,Somnath,7,237.08,189.66,0,18,4.9,Clear,0,100.0,Critical,49
19-04-2026 05:27,Somnath,7,246.53,197.23,0,18,4.86,Clear,0,100.0,Critical,47
19-04-2026 05:28,Somnath,7,222.1,177.68,0,18,5.13,Clear,0,100.0,Critical,47
19-04-2026 05:29,Somnath,7,224.23,179.38,0,18,5.03,Clear,0,100.0,Critical,44
19-04-2026 05:30,Somnath,7,244.1,195.28,0,18,5.42,Clear,0,100.0,Critical,48
19-04-2026 05:31,Somnath,7,207.96,166.37,0,18,5.22,Clear,0,100.0,Critical,48
19-04-2026 05:32,Somnath,7,220.45,176.36,0,18,5.18,Clear,0,100.0,Critical,49
19-04-2026 05:33,Somnath,7,215.63,172.51,0,18,5.48,Clear,0,100.0,Critical,49
19-04-2026 05:34,Somnath,7,223.01,178.41,0,18,4.9,Clear,0,100.0,Critical,48
19-04-2026 05:35,Somnath,7,239.37,191.5,0,17,4.98,Clear,0,100.0,Critical,49
19-04-2026 05:36,Somnath,7,203.97,163.18,0,17,4.79,Clear,0,100.0,Critical,49
19-04-2026 05:37,Somnath,7,217.28,173.82,0,17,5.26,Clear,0,100.0,Critical,48
19-04-2026 05:38,Somnath,7,188.37,150.7,0,17,4.89,Clear,0,100.0,Critical,47
19-04-2026 05:39,Somnath,7,224.62,179.7,0,17,5.11,Clear,0,100.0,Critical,48
19-04-2026 05:40,Somnath,7,199.63,159.7,0,17,5.06,Clear,0,100.0,Critical,47
19-04-2026 05:41,Somnath,7,222.39,177.91,0,17,5.35,Clear,0,100.0,Critical,52
19-04-2026 05:42,Somnath,7,216.04,172.83,0,17,4.8,Clear,0,100.0,Critical,49
19-04-2026 05:43,Somnath,7,203.79,163.03,0,17,5.08,Clear,0,100.0,Critical,49
19-04-2026 05:44,Somnath,7,211.26,169.01,0,17,4.59,Clear,0,100.0,Critical,52
19-04-2026 05:45,Somnath,7,202.18,161.74,0,17,4.77,Clear,0,100.0,Critical,47
19-04-2026 05:46,Somnath,7,208.75,167.0,0,16,4.99,Clear,0,100.0,Critical,48
19-04-2026 05:47,Somnath,7,201.31,161.05,0,16,4.82,Clear,0,100.0,Critical,49
19-04-2026 05:48,Somnath,7,207.73,166.18,0,16,4.36,Clear,0,100.0,Critical,48
19-04-2026 05:49,Somnath,7,191.82,153.45,0,16,4.26,Clear,0,100.0,Critical,49
19-04-2026 05:50,Somnath,7,207.92,166.34,0,16,4.44,Clear,0,100.0,Critical,51
19-04-2026 05:51,Somnath,7,198.31,158.65,0,16,5.08,Clear,0,100.0,Critical,52
19-04-2026 05:52,Somnath,7,189.3,151.44,0,16,4.59,Clear,0,100.0,Critical,48
19-04-2026 05:53,Somnath,7,199.55,159.64,0,16,4.57,Clear,0,100.0,Critical,47
19-04-2026 05:54,Somnath,7,218.54,174.83,0,16,4.98,Clear,0,100.0,Critical,51
19-04-2026 05:55,Somnath,7,211.84,169.47,0,16,4.69,Clear,0,100.0,Critical,48
19-04-2026 05:56,Somnath,7,200.55,160.44,0,16,4.66,Clear,0,100.0,Critical,50
19-04-2026 05:57,Somnath,7,199.36,159.49,0,15,4.31,Clear,0,100.0,Critical,51
19-04-2026 05:58,Somnath,7,209.79,167.83,0,15,4.51,Clear,0,100.0,Critical,49
19-04-2026 05:59,Somnath,7,194.47,155.58,0,15,4.51,Clear,0,100.0,Critical,49
19-04-2026 06:00,Somnath,7,179.49,143.6,0,15,4.21,Clear,0,100.0,Critical,51
19-04-2026 06:01,Somnath,7,182.88,146.3,0,15,3.99,Clear,0,100.0,Critical,51
19-04-2026 06:02,Somnath,7,211.21,168.97,0,15,3.88,Clear,0,100.0,Critical,52
19-04-2026 06:03,Somnath,7,184.22,147.37,0,15,4.17,Clear,0,100.0,Critical,53
19-04-2026 06:04,Somnath,7,191.65,153.32,0,15,4.13,Clear,0,100.0,Critical,51
19-04-2026 06:05,Somnath,7,203.43,162.74,0,15,4.29,Clear,0,100.0,Critical,50
19-04-2026 06:06,Somnath,7,175.94,140.75,0,15,4.36,Clear,0,100.0,Critical,47
19-04-2026 06:07,Somnath,7,192.48,153.98,0,15,4.31,Clear,0,100.0,Critical,50
19-04-2026 06:08,Somnath,7,177.3,141.84,0,14,3.56,Clear,0,100.0,Critical,48
19-04-2026 06:09,Somnath,7,200.83,160.67,0,14,4.27,Clear,0,100.0,Critical,47
19-04-2026 06:10,Somnath,7,213.67,170.93,0,14,4.07,Clear,0,100.0,Critical,50
19-04-2026 06:11,Somnath,7,173.89,139.11,0,14,3.81,Clear,0,100.0,Critical,49
19-04-2026 06:12,Somnath,7,186.89,149.51,0,14,3.87,Clear,0,100.0,Critical,50
19-04-2026 06:13,Somnath,7,160.24,128.19,0,14,3.99,Clear,0,100.0,Critical,51
19-04-2026 06:14,Somnath,7,170.3,136.24,0,14,4.28,Clear,0,100.0,Critical,51
19-04-2026 06:15,Somnath,7,197.5,158.0,0,14,3.78,Clear,0,100.0,Critical,48
19-04-2026 06:16,Somnath,7,176.9,141.52,0,14,4.0,Clear,0,100.0,Critical,48
19-04-2026 06:17,Somnath,7,176.13,140.91,0,14,3.61,Clear,0,100.0,Critical,49
19-04-2026 06:18,Somnath,7,168.87,135.09,0,14,4.13,Clear,0,100.0,Critical,49
19-04-2026 06:19,Somnath,7,182.13,145.7,0,13,3.87,Clear,0,100.0,Critical,49
19-04-2026 06:20,Somnath,7,169.17,135.33,0,13,3.63,Clear,0,100.0,Critical,51
19-04-2026 06:21,Somnath,7,165.72,132.58,0,13,3.82,Clear,0,100.0,Critical,49
19-04-2026 06:22,Somnath,7,173.41,138.73,0,13,3.67,Clear,0,100.0,Critical,51
19-04-2026 06:23,Somnath,7,171.67,137.34,0,13,3.23,Clear,0,100.0,Critical,48
19-04-2026 06:24,Somnath,7,163.79,131.03,0,13,4.21,Clear,0,100.0,Critical,51
19-04-2026 06:25,Somnath,7,176.65,141.32,0,13,3.93,Clear,0,100.0,Critical,49
19-04-2026 06:26,Somnath,7,156.11,124.89,0,13,3.89,Clear,0,100.0,Critical,50
19-04-2026 06:27,Somnath,7,148.82,119.06,0,13,3.7,Clear,0,100.0,Critical,47
19-04-2026 06:28,Somnath,7,180.61,144.49,0,13,3.48,Clear,0,100.0,Critical,52
19-04-2026 06:29,Somnath,7,147.77,118.22,0,13,4.34,Clear,0,100.0,Critical,47
19-04-2026 06:30,Somnath,7,152.09,121.67,0,12,4.19,Clear,0,100.0,Critical,52
19-04-2026 06:31,Somnath,7,148.32,118.66,0,12,3.39,Clear,0,100.0,Critical,46
19-04-2026 06:32,Somnath,7,151.32,121.06,0,12,4.12,Clear,0,100.0,Critical,50
19-04-2026 06:33,Somnath,7,143.26,114.61,0,12,3.65,Clear,0,100.0,Critical,52
19-04-2026 06:34,Somnath,7,152.59,122.07,0,12,3.25,Clear,0,100.0,Critical,50
19-04-2026 06:35,Somnath,7,160.85,128.68,0,12,3.45,Clear,0,100.0,Critical,52
19-04-2026 06:36,Somnath,7,147.52,118.01,0,12,3.47,Clear,0,100.0,Critical,50
19-04-2026 06:37,Somnath,7,144.85,115.88,0,12,3.29,Clear,0,98.8,Critical,48
19-04-2026 06:38,Somnath,7,141.37,113.09,0,12,3.95,Clear,0,100.0,Critical,48
19-04-2026 06:39,Somnath,7,158.58,126.87,0,12,2.99,Clear,0,97.86,Critical,48
19-04-2026 06:40,Somnath,7,151.13,120.91,0,12,3.29,Clear,0,100.0,Critical,54
19-04-2026 06:41,Somnath,7,156.06,124.85,0,11,3.2,Clear,0,98.81,Critical,44
19-04-2026 06:42,Somnath,7,128.81,103.05,0,11,3.36,Clear,0,94.41,Critical,50
19-04-2026 06:43,Somnath,7,115.6,92.48,0,11,3.07,Clear,0,87.18,Critical,41
19-04-2026 06:44,Somnath,7,148.22,118.58,0,11,2.78,Clear,0,91.03,Critical,43
19-04-2026 06:45,Somnath,7,130.48,104.39,0,11,3.19,Clear,0,92.41,Critical,49
19-04-2026 06:46,Somnath,7,144.69,115.75,0,11,3.42,Clear,0,99.11,Critical,50
19-04-2026 06:47,Somnath,7,143.55,114.84,0,11,2.5,Clear,0,85.96,Critical,41
19-04-2026 06:48,Somnath,7,137.15,109.72,0,11,3.2,Clear,0,94.21,Critical,46
19-04-2026 06:49,Somnath,7,145.86,116.69,0,11,3.31,Clear,0,97.79,Critical,48
19-04-2026 06:50,Somnath,7,120.93,96.75,0,11,3.3,Clear,0,91.72,Critical,47
19-04-2026 06:51,Somnath,7,112.82,90.26,0,11,3.09,Clear,0,86.84,Critical,45
19-04-2026 06:52,Somnath,7,141.25,113.0,0,11,3.16,Clear,0,94.62,Critical,45
19-04-2026 06:53,Somnath,7,125.03,100.02,0,10,2.9,Clear,0,85.57,Critical,45
19-04-2026 06:54,Somnath,7,130.39,104.32,0,10,2.83,Clear,0,85.95,Critical,38
19-04-2026 06:55,Somnath,7,130.28,104.22,0,10,3.21,Clear,0,91.16,Critical,44
19-04-2026 06:56,Somnath,7,141.93,113.55,0,10,2.79,Clear,0,88.11,Critical,46
19-04-2026 06:57,Somnath,7,120.63,96.51,0,10,3.29,Clear,0,90.0,Critical,45
19-04-2026 06:58,Somnath,7,133.48,106.79,0,10,3.05,Clear,0,89.7,Critical,39
19-04-2026 06:59,Somnath,7,129.95,103.96,0,10,2.94,Clear,0,87.36,Critical,41
19-04-2026 07:00,Somnath,7,126.86,101.49,0,10,2.98,Clear,0,87.21,Critical,42
19-04-2026 07:01,Somnath,7,130.83,104.67,0,10,2.89,Clear,0,86.93,Critical,43
19-04-2026 07:02,Somnath,7,130.85,104.68,0,10,2.25,Clear,0,77.96,Critical,37
19-04-2026 07:03,Somnath,7,128.07,102.46,0,10,2.87,Clear,0,85.97,Critical,42
19-04-2026 07:04,Somnath,7,110.15,88.12,0,9,3.05,Clear,0,82.57,Critical,45
19-04-2026 07:05,Somnath,7,139.27,111.41,0,9,2.82,Clear,0,86.43,Critical,45
19-04-2026 07:06,Somnath,7,104.86,83.88,0,9,2.77,Clear,0,77.39,Critical,42
19-04-2026 07:07,Somnath,7,116.26,93.0,0,9,2.71,Clear,0,79.27,Critical,37
19-04-2026 07:08,Somnath,7,124.82,99.85,0,9,2.55,Clear,0,79.16,Critical,37
19-04-2026 07:09,Somnath,7,121.57,97.25,0,9,2.64,Clear,0,79.69,Critical,42
19-04-2026 07:10,Somnath,7,109.54,87.63,0,9,2.76,Clear,0,78.44,Critical,37
19-04-2026 07:11,Somnath,7,111.2,88.96,0,9,2.65,Clear,0,77.31,Critical,38
19-04-2026 07:12,Somnath,7,121.02,96.82,0,9,3.31,Clear,0,88.83,Critical,41
19-04-2026 07:13,Somnath,7,108.41,86.73,0,9,1.9,Clear,0,66.11,Danger,31
19-04-2026 07:14,Somnath,7,108.82,87.06,0,9,2.53,Clear,0,75.02,Critical,39
19-04-2026 07:15,Somnath,7,100.47,80.38,0,8,2.21,Clear,0,66.99,Danger,35
19-04-2026 07:16,Somnath,7,99.25,79.4,0,8,2.64,Clear,0,72.74,Danger,33
19-04-2026 07:17,Somnath,7,110.27,88.22,0,8,2.45,Clear,0,72.73,Danger,35
19-04-2026 07:18,Somnath,7,87.66,70.13,0,8,2.46,Clear,0,67.53,Danger,33
19-04-2026 07:19,Somnath,7,105.95,84.76,0,8,2.94,Clear,0,78.64,Critical,40
19-04-2026 07:20,Somnath,7,103.37,82.69,0,8,1.9,Clear,0,63.34,Danger,31
19-04-2026 07:21,Somnath,7,101.52,81.22,0,8,1.93,Clear,0,63.39,Danger,30
19-04-2026 07:22,Somnath,7,94.57,75.66,0,8,2.34,Clear,0,67.44,Danger,29
19-04-2026 07:23,Somnath,7,93.88,75.1,0,8,2.24,Clear,0,65.84,Danger,35
19-04-2026 07:24,Somnath,7,97.97,78.37,0,8,2.22,Clear,0,66.64,Danger,33
19-04-2026 07:25,Somnath,7,101.52,81.21,0,8,2.91,Clear,0,77.15,Critical,38
19-04-2026 07:26,Somnath,7,95.58,76.47,0,7,2.11,Clear,0,63.04,Danger,33
19-04-2026 07:27,Somnath,7,91.34,73.07,0,7,2.38,Clear,0,65.68,Danger,33
19-04-2026 07:28,Somnath,7,82.75,66.2,0,7,2.53,Clear,0,65.78,Danger,32
19-04-2026 07:29,Somnath,7,93.75,75.0,0,7,2.04,Clear,0,61.5,Danger,31
19-04-2026 07:30,Somnath,7,73.87,59.1,0,7,2.61,Clear,0,64.74,Danger,32
19-04-2026 07:31,Somnath,7,83.78,67.02,0,7,2.39,Clear,0,64.1,Danger,35
19-04-2026 07:32,Somnath,7,76.46,61.17,0,7,2.13,Clear,0,58.62,Danger,32
19-04-2026 07:33,Somnath,7,89.67,71.74,0,7,2.24,Clear,0,63.33,Danger,32
19-04-2026 07:34,Somnath,7,77.47,61.98,0,7,1.78,Clear,0,54.0,Moderate,29
19-04-2026 07:35,Somnath,7,91.24,72.99,0,7,1.83,Clear,0,58.06,Danger,29
19-04-2026 07:36,Somnath,7,92.47,73.98,0,7,2.89,Clear,0,73.15,Danger,39
19-04-2026 07:37,Somnath,7,104.01,83.21,0,6,1.83,Clear,0,59.62,Danger,29
19-04-2026 07:38,Somnath,7,68.83,55.06,0,6,1.52,Clear,0,46.74,Moderate,23
19-04-2026 07:39,Somnath,7,97.27,77.81,0,6,1.84,Clear,0,58.14,Danger,28
19-04-2026 07:40,Somnath,7,74.17,59.34,0,6,1.85,Clear,0,52.76,Moderate,25
19-04-2026 07:41,Somnath,7,86.09,68.87,0,6,2.06,Clear,0,58.54,Danger,28
19-04-2026 07:42,Somnath,7,82.73,66.18,0,6,1.79,Clear,0,53.97,Moderate,29
19-04-2026 07:43,Somnath,7,71.63,57.3,0,6,1.73,Clear,0,50.46,Moderate,25
19-04-2026 07:44,Somnath,7,67.24,53.79,0,6,2.07,Clear,0,54.12,Moderate,25
19-04-2026 07:45,Somnath,7,76.04,60.83,0,6,1.85,Clear,0,53.13,Moderate,27
19-04-2026 07:46,Somnath,7,77.47,61.98,0,6,1.67,Clear,0,50.95,Moderate,26
19-04-2026 07:47,Somnath,7,86.44,69.15,0,6,1.79,Clear,0,54.74,Moderate,28
19-04-2026 07:48,Somnath,7,79.87,63.9,0,5,1.97,Clear,0,54.3,Moderate,27
19-04-2026 07:49,Somnath,7,60.65,48.52,0,5,2.09,Clear,0,51.32,Moderate,25
19-04-2026 07:50,Somnath,7,77.6,62.08,0,5,1.63,Clear,0,48.99,Moderate,23
19-04-2026 07:51,Somnath,7,50.19,40.15,0,5,1.58,Clear,0,41.61,Moderate,19
19-04-2026 07:52,Somnath,7,81.9,65.52,0,5,2.11,Clear,0,56.66,Danger,30
19-04-2026 07:53,Somnath,7,47.31,37.85,0,5,1.7,Clear,0,42.63,Moderate,21
19-04-2026 07:54,Somnath,7,74.58,59.67,0,5,1.35,Clear,0,44.32,Moderate,24
19-04-2026 07:55,Somnath,7,54.25,43.4,0,5,1.21,Clear,0,37.45,Moderate,17
19-04-2026 07:56,Somnath,7,26.96,21.57,0,5,1.35,Clear,0,32.8,Moderate,18
19-04-2026 07:57,Somnath,7,70.54,56.43,0,5,1.4,Clear,0,44.0,Moderate,24
19-04-2026 07:58,Somnath,7,54.83,43.87,0,5,1.41,Clear,0,40.42,Moderate,21
19-04-2026 07:59,Somnath,7,60.4,48.32,0,4,2.14,Clear,0,50.51,Moderate,25
19-04-2026 08:00,Somnath,7,49.92,39.93,0,4,1.24,Clear,0,35.29,Moderate,18
19-04-2026 08:01,Somnath,7,35.5,28.4,0,4,0.96,Clear,0,27.99,Safe,19
19-04-2026 08:02,Somnath,7,49.16,39.33,0,4,1.63,Clear,0,40.65,Moderate,25
19-04-2026 08:03,Somnath,7,63.84,51.07,0,4,1.44,Clear,0,41.54,Moderate,22
19-04-2026 08:04,Somnath,7,45.05,36.04,0,4,1.11,Clear,0,32.38,Moderate,13
19-04-2026 08:05,Somnath,7,42.66,34.13,0,4,1.31,Clear,0,34.59,Moderate,16
19-04-2026 08:06,Somnath,7,46.77,37.42,0,4,1.5,Clear,0,38.21,Moderate,20
19-04-2026 08:07,Somnath,7,47.94,38.35,0,4,0.96,Clear,0,30.94,Moderate,14
19-04-2026 08:08,Somnath,7,52.35,41.88,0,4,1.55,Clear,0,40.26,Moderate,22
19-04-2026 08:09,Somnath,7,41.88,33.51,0,4,1.79,Clear,0,41.16,Moderate,22
19-04-2026 08:10,Somnath,7,47.45,37.96,0,3,0.81,Clear,0,27.18,Safe,10
19-04-2026 08:11,Somnath,7,47.84,38.27,0,3,1.55,Clear,0,37.63,Moderate,20
19-04-2026 08:12,Somnath,7,61.96,49.56,0,3,1.08,Clear,0,34.52,Moderate,19
19-04-2026 08:13,Somnath,7,35.36,28.29,0,3,0.92,Clear,0,25.89,Safe,11
19-04-2026 08:14,Somnath,7,51.22,40.97,0,3,0.88,Clear,0,29.09,Safe,15
19-04-2026 08:15,Somnath,7,10.5,8.4,0,3,1.47,Clear,0,27.54,Safe,17
19-04-2026 08:16,Somnath,7,20.31,16.25,0,3,1.17,Clear,0,25.79,Safe,13
19-04-2026 08:17,Somnath,7,31.27,25.01,0,3,1.0,Clear,0,26.05,Safe,14
19-04-2026 08:18,Somnath,7,30.87,24.69,0,3,0.75,Clear,0,22.45,Safe,11
19-04-2026 08:19,Somnath,7,30.45,24.36,0,3,0.81,Clear,0,23.19,Safe,11
19-04-2026 08:20,Somnath,7,34.29,27.43,0,3,0.76,Clear,0,23.32,Safe,13
19-04-2026 00:01,Pavagadh,5,46.27,37.01,0,3,1.17,Clear,0,31.99,Moderate,19
19-04-2026 00:02,Pavagadh,5,46.31,37.05,0,4,1.2,Clear,0,33.86,Moderate,15
19-04-2026 00:03,Pavagadh,5,32.6,26.08,0,4,1.26,Clear,0,31.53,Moderate,13
19-04-2026 00:04,Pavagadh,5,37.44,29.95,0,5,1.47,Clear,0,37.05,Moderate,17
19-04-2026 00:05,Pavagadh,5,31.32,25.05,0,5,1.54,Clear,0,36.62,Moderate,17
19-04-2026 00:06,Pavagadh,5,36.41,29.12,0,2,0.84,Clear,0,23.43,Safe,11
19-04-2026 00:07,Pavagadh,5,38.95,31.16,0,3,1.38,Clear,0,33.21,Moderate,15
19-04-2026 00:08,Pavagadh,5,43.61,34.89,0,3,1.04,Clear,0,29.54,Safe,14
19-04-2026 00:09,Pavagadh,5,33.79,27.03,0,2,1.12,Clear,0,26.86,Safe,10
19-04-2026 00:10,Pavagadh,5,46.64,37.32,0,3,1.09,Clear,0,30.91,Moderate,15
19-04-2026 00:11,Pavagadh,5,37.86,30.29,0,2,1.05,Clear,0,26.85,Safe,11
19-04-2026 00:12,Pavagadh,5,36.12,28.89,0,5,0.94,Clear,0,29.39,Safe,16
19-04-2026 00:13,Pavagadh,5,36.93,29.55,0,2,0.89,Clear,0,24.25,Safe,10
19-04-2026 00:14,Pavagadh,5,37.13,29.71,0,4,1.42,Clear,0,34.8,Moderate,15
19-04-2026 00:15,Pavagadh,5,37.48,29.98,0,3,1.39,Clear,0,32.95,Moderate,19
19-04-2026 00:16,Pavagadh,5,40.66,32.53,0,3,1.53,Clear,0,35.7,Moderate,21
19-04-2026 00:17,Pavagadh,5,41.86,33.48,0,5,1.24,Clear,0,34.89,Moderate,16
19-04-2026 00:18,Pavagadh,5,42.53,34.02,0,5,1.15,Clear,0,33.78,Moderate,17
19-04-2026 00:19,Pavagadh,5,40.44,32.35,0,4,1.43,Clear,0,35.75,Moderate,16
19-04-2026 00:20,Pavagadh,5,36.65,29.32,0,2,1.09,Clear,0,27.11,Safe,15
19-04-2026 00:21,Pavagadh,5,22.49,17.99,0,3,1.1,Clear,0,25.24,Safe,13
19-04-2026 00:22,Pavagadh,5,45.93,36.74,0,4,1.27,Clear,0,34.86,Moderate,15
19-04-2026 00:23,Pavagadh,5,38.75,31.0,0,3,0.92,Clear,0,26.74,Safe,12
19-04-2026 00:24,Pavagadh,5,45.35,36.28,0,3,0.99,Clear,0,29.3,Safe,11
19-04-2026 00:25,Pavagadh,5,36.22,28.98,0,2,0.94,Clear,0,24.78,Safe,13
19-04-2026 00:26,Pavagadh,5,43.1,34.48,0,5,0.97,Clear,0,31.44,Moderate,18
19-04-2026 00:27,Pavagadh,5,41.26,33.01,0,3,1.49,Clear,0,35.33,Moderate,13
19-04-2026 00:28,Pavagadh,5,44.82,35.86,0,4,1.09,Clear,0,32.07,Moderate,16
19-04-2026 00:29,Pavagadh,5,29.62,23.7,0,5,1.19,Clear,0,31.33,Moderate,16
19-04-2026 00:30,Pavagadh,5,38.76,31.01,0,2,1.37,Clear,0,31.55,Moderate,13
19-04-2026 00:31,Pavagadh,5,33.22,26.57,0,4,1.22,Clear,0,31.05,Moderate,14
19-04-2026 00:32,Pavagadh,5,46.02,36.82,0,5,1.5,Clear,0,39.58,Moderate,16
19-04-2026 00:33,Pavagadh,5,40.51,32.41,0,5,1.19,Clear,0,33.9,Moderate,16
19-04-2026 00:34,Pavagadh,5,38.15,30.52,0,3,1.27,Clear,0,31.48,Moderate,15
19-04-2026 00:35,Pavagadh,5,33.43,26.75,0,3,1.42,Clear,0,32.47,Moderate,18
19-04-2026 00:36,Pavagadh,5,43.66,34.93,0,3,1.22,Clear,0,32.09,Moderate,16
19-04-2026 00:37,Pavagadh,5,39.17,31.34,0,5,1.19,Clear,0,33.52,Moderate,16
19-04-2026 00:38,Pavagadh,5,34.56,27.65,0,4,0.97,Clear,0,27.86,Safe,14
19-04-2026 00:39,Pavagadh,5,45.84,36.67,0,2,1.19,Clear,0,30.64,Moderate,17
19-04-2026 00:40,Pavagadh,5,40.63,32.51,0,5,0.98,Clear,0,31.04,Moderate,17
19-04-2026 00:41,Pavagadh,5,42.0,33.6,0,3,1.07,Clear,0,29.6,Safe,16
19-04-2026 00:42,Pavagadh,5,40.06,32.05,0,2,1.3,Clear,0,30.86,Moderate,17
19-04-2026 00:43,Pavagadh,5,41.81,33.45,0,2,1.4,Clear,0,32.63,Moderate,12
19-04-2026 00:44,Pavagadh,5,39.08,31.27,0,4,1.48,Clear,0,36.14,Moderate,16
19-04-2026 00:45,Pavagadh,5,31.94,25.55,0,2,1.3,Clear,0,28.93,Safe,15
19-04-2026 00:46,Pavagadh,5,35.73,28.58,0,2,1.26,Clear,0,29.19,Safe,14
19-04-2026 00:47,Pavagadh,5,50.81,40.65,0,5,1.32,Clear,0,38.12,Moderate,21
19-04-2026 00:48,Pavagadh,5,37.18,29.74,0,2,0.98,Clear,0,25.68,Safe,12
19-04-2026 00:49,Pavagadh,5,42.84,34.27,0,4,1.23,Clear,0,33.57,Moderate,18
19-04-2026 00:50,Pavagadh,5,37.58,30.06,0,2,1.08,Clear,0,27.17,Safe,14
19-04-2026 00:51,Pavagadh,5,43.93,35.14,0,4,1.34,Clear,0,35.35,Moderate,19
19-04-2026 00:52,Pavagadh,5,42.46,33.97,0,2,1.64,Clear,0,36.09,Moderate,15
19-04-2026 00:53,Pavagadh,5,43.74,34.99,0,2,1.04,Clear,0,28.08,Safe,15
19-04-2026 00:54,Pavagadh,5,41.89,33.51,0,5,1.27,Clear,0,35.36,Moderate,20
19-04-2026 00:55,Pavagadh,5,49.88,39.91,0,3,1.26,Clear,0,34.1,Moderate,16
19-04-2026 00:56,Pavagadh,5,40.2,32.16,0,4,0.97,Clear,0,29.25,Safe,14
19-04-2026 00:57,Pavagadh,5,38.2,30.56,0,3,1.3,Clear,0,31.83,Moderate,16
19-04-2026 00:58,Pavagadh,5,37.42,29.94,0,5,1.41,Clear,0,36.23,Moderate,20
19-04-2026 00:59,Pavagadh,5,41.12,32.89,0,2,1.22,Clear,0,29.92,Safe,16
19-04-2026 01:00,Pavagadh,5,45.33,36.27,0,3,1.32,Clear,0,33.87,Moderate,18
19-04-2026 01:01,Pavagadh,5,42.85,34.28,0,2,1.05,Clear,0,27.93,Safe,13
19-04-2026 01:02,Pavagadh,5,37.57,30.05,0,5,1.35,Clear,0,35.39,Moderate,21
19-04-2026 01:03,Pavagadh,5,43.14,34.51,0,4,1.43,Clear,0,36.41,Moderate,17
19-04-2026 01:04,Pavagadh,5,37.58,30.07,0,2,1.32,Clear,0,30.49,Moderate,16
19-04-2026 01:05,Pavagadh,5,47.5,38.0,0,2,1.43,Clear,0,34.38,Moderate,14
19-04-2026 01:06,Pavagadh,5,38.37,30.69,0,2,1.01,Clear,0,26.41,Safe,13
19-04-2026 01:07,Pavagadh,5,40.13,32.11,0,4,1.35,Clear,0,34.5,Moderate,15
19-04-2026 01:08,Pavagadh,5,37.01,29.61,0,3,0.83,Clear,0,24.94,Safe,12
19-04-2026 01:09,Pavagadh,5,40.22,32.18,0,2,1.31,Clear,0,30.98,Moderate,13
19-04-2026 01:10,Pavagadh,5,31.2,24.96,0,4,1.05,Clear,0,28.18,Safe,15
19-04-2026 01:11,Pavagadh,5,41.08,32.86,0,4,1.3,Clear,0,34.09,Moderate,13
19-04-2026 01:12,Pavagadh,5,38.68,30.94,0,4,1.28,Clear,0,33.25,Moderate,15
19-04-2026 01:13,Pavagadh,5,45.69,36.55,0,4,0.93,Clear,0,29.95,Safe,13
19-04-2026 01:14,Pavagadh,5,42.68,34.14,0,4,1.26,Clear,0,33.84,Moderate,14
19-04-2026 01:15,Pavagadh,5,32.05,25.64,0,5,1.04,Clear,0,29.81,Safe,14
19-04-2026 01:16,Pavagadh,5,36.48,29.18,0,5,1.37,Clear,0,35.49,Moderate,16
19-04-2026 01:17,Pavagadh,5,27.89,22.31,0,5,1.42,Clear,0,34.12,Moderate,17
19-04-2026 01:18,Pavagadh,5,34.3,27.44,0,4,1.12,Clear,0,29.95,Safe,16
19-04-2026 01:19,Pavagadh,5,42.35,33.88,0,5,1.31,Clear,0,36.0,Moderate,18
19-04-2026 01:20,Pavagadh,5,47.48,37.98,0,3,1.0,Clear,0,29.88,Safe,14
19-04-2026 01:21,Pavagadh,5,27.83,22.26,0,2,1.38,Clear,0,29.05,Safe,15
19-04-2026 01:22,Pavagadh,5,44.1,35.28,0,4,1.24,Clear,0,33.89,Moderate,15
19-04-2026 01:23,Pavagadh,5,44.45,35.56,0,4,1.37,Clear,0,35.89,Moderate,16
19-04-2026 01:24,Pavagadh,5,35.76,28.61,0,4,1.3,Clear,0,32.78,Moderate,15
19-04-2026 01:25,Pavagadh,5,34.31,27.45,0,3,1.35,Clear,0,31.67,Moderate,17
19-04-2026 01:26,Pavagadh,5,32.61,26.08,0,2,1.23,Clear,0,28.11,Safe,16
19-04-2026 01:27,Pavagadh,5,35.8,28.64,0,4,0.92,Clear,0,27.47,Safe,16
19-04-2026 01:28,Pavagadh,5,42.67,34.14,0,3,1.57,Clear,0,36.7,Moderate,16
19-04-2026 01:29,Pavagadh,5,29.72,23.77,0,3,1.15,Clear,0,27.7,Safe,11
19-04-2026 01:30,Pavagadh,5,39.43,31.54,0,5,1.42,Clear,0,36.91,Moderate,16
19-04-2026 01:31,Pavagadh,5,48.0,38.4,0,4,1.06,Clear,0,32.33,Moderate,12
19-04-2026 01:32,Pavagadh,5,36.65,29.32,0,4,0.92,Clear,0,27.71,Safe,13
19-04-2026 01:33,Pavagadh,5,41.19,32.95,0,2,1.09,Clear,0,28.21,Safe,14
19-04-2026 01:34,Pavagadh,5,39.04,31.23,0,5,1.33,Clear,0,35.46,Moderate,16
19-04-2026 01:35,Pavagadh,5,40.78,32.63,0,3,1.41,Clear,0,33.97,Moderate,17
19-04-2026 01:36,Pavagadh,5,34.25,27.4,0,3,1.21,Clear,0,29.7,Safe,16
19-04-2026 01:37,Pavagadh,5,47.52,38.01,0,5,1.18,Clear,0,35.48,Moderate,14
19-04-2026 01:38,Pavagadh,5,36.42,29.14,0,2,0.75,Clear,0,22.19,Safe,9
19-04-2026 01:39,Pavagadh,5,38.26,30.61,0,3,1.28,Clear,0,31.64,Moderate,17
19-04-2026 01:40,Pavagadh,5,53.85,43.08,0,3,1.27,Clear,0,35.25,Moderate,16
19-04-2026 01:41,Pavagadh,5,44.73,35.79,0,6,1.42,Heat,0,39.62,Moderate,19
19-04-2026 01:42,Pavagadh,5,32.94,26.35,0,5,0.68,Heat,0,24.99,Safe,11
19-04-2026 01:43,Pavagadh,5,38.17,30.54,0,7,1.14,Heat,0,35.62,Moderate,20
19-04-2026 01:44,Pavagadh,5,35.86,28.68,0,7,0.88,Heat,0,31.49,Moderate,18
19-04-2026 01:45,Pavagadh,5,43.07,34.46,0,9,0.97,Heat,0,37.41,Moderate,18
19-04-2026 01:46,Pavagadh,5,70.27,56.21,0,7,1.7,Heat,0,51.12,Moderate,24
19-04-2026 01:47,Pavagadh,5,65.13,52.1,0,11,1.38,Heat,0,51.52,Moderate,26
19-04-2026 01:48,Pavagadh,5,40.55,32.44,0,7,1.35,Heat,0,39.14,Moderate,17
19-04-2026 01:49,Pavagadh,5,65.83,52.67,0,9,1.32,Heat,0,47.75,Moderate,22
19-04-2026 01:50,Pavagadh,5,48.7,38.96,0,6,0.95,Heat,0,33.96,Moderate,17
19-04-2026 01:51,Pavagadh,5,53.83,43.06,0,6,1.33,Heat,0,40.52,Moderate,21
19-04-2026 01:52,Pavagadh,5,49.98,39.99,0,8,1.53,Heat,0,45.44,Moderate,21
19-04-2026 01:53,Pavagadh,5,40.48,32.38,0,11,1.07,Heat,0,41.22,Moderate,20
19-04-2026 01:54,Pavagadh,5,43.47,34.78,0,9,1.49,Heat,0,44.76,Moderate,18
19-04-2026 01:55,Pavagadh,5,39.21,31.36,0,10,1.5,Heat,0,45.4,Moderate,22
19-04-2026 01:56,Pavagadh,5,63.64,50.91,0,8,1.45,Heat,0,47.56,Moderate,27
19-04-2026 01:57,Pavagadh,5,54.82,43.85,0,11,2.18,Heat,0,60.24,Danger,27
19-04-2026 01:58,Pavagadh,5,68.83,55.06,0,8,1.44,Heat,0,48.66,Moderate,25
19-04-2026 01:59,Pavagadh,5,44.4,35.52,0,9,1.75,Heat,0,48.68,Moderate,22
19-04-2026 02:00,Pavagadh,5,50.32,40.26,0,8,1.66,Heat,0,47.28,Moderate,18
19-04-2026 02:01,Pavagadh,5,67.82,54.26,0,6,1.03,Heat,0,39.75,Moderate,22
19-04-2026 02:02,Pavagadh,5,48.74,38.99,0,6,1.51,Heat,0,41.79,Moderate,21
19-04-2026 02:03,Pavagadh,5,45.59,36.47,0,6,1.4,Heat,0,39.47,Moderate,22
19-04-2026 02:04,Pavagadh,5,51.51,41.2,0,10,1.59,Heat,0,49.56,Moderate,26
19-04-2026 02:05,Pavagadh,5,55.57,44.46,0,11,2.06,Heat,0,58.68,Danger,25
19-04-2026 02:06,Pavagadh,5,56.37,45.09,0,8,1.98,Heat,0,53.19,Moderate,25
19-04-2026 02:07,Pavagadh,5,67.11,53.69,0,8,1.8,Heat,0,53.31,Moderate,25
19-04-2026 02:08,Pavagadh,5,77.06,61.64,0,10,1.63,Heat,0,56.25,Danger,29
19-04-2026 02:09,Pavagadh,5,61.27,49.02,0,5,1.74,Heat,0,46.51,Moderate,26
19-04-2026 02:10,Pavagadh,5,75.84,60.67,0,9,1.83,Heat,0,57.29,Danger,27
19-04-2026 02:11,Pavagadh,5,64.04,51.23,0,8,2.09,Heat,0,56.56,Danger,30
19-04-2026 02:12,Pavagadh,5,58.57,46.85,0,10,2.39,Heat,0,62.54,Danger,33
19-04-2026 02:13,Pavagadh,5,63.31,50.65,0,7,2.13,Heat,0,55.51,Danger,22
19-04-2026 02:14,Pavagadh,5,73.87,59.1,0,11,2.33,Heat,0,66.84,Danger,32
19-04-2026 02:15,Pavagadh,5,81.03,64.83,0,6,1.85,Heat,0,54.3,Moderate,26
19-04-2026 02:16,Pavagadh,5,82.65,66.12,0,10,1.18,Heat,0,51.32,Moderate,28
19-04-2026 02:17,Pavagadh,5,73.39,58.71,0,11,2.04,Heat,0,62.64,Danger,29
19-04-2026 02:18,Pavagadh,5,99.11,79.29,0,7,1.64,Heat,0,57.29,Danger,30
19-04-2026 02:19,Pavagadh,5,76.12,60.9,0,8,1.47,Heat,0,50.84,Moderate,24
19-04-2026 02:20,Pavagadh,5,87.98,70.38,0,10,2.11,Heat,0,65.62,Danger,27
19-04-2026 02:21,Pavagadh,5,85.16,68.13,0,11,2.39,Heat,0,70.46,Danger,37
19-04-2026 02:22,Pavagadh,5,99.03,79.22,0,6,1.87,Heat,0,58.97,Danger,29
19-04-2026 02:23,Pavagadh,5,79.18,63.35,0,10,2.1,Heat,0,63.46,Danger,29
19-04-2026 02:24,Pavagadh,5,80.18,64.14,0,9,1.49,Heat,0,53.55,Moderate,25
19-04-2026 02:25,Pavagadh,5,86.02,68.81,0,8,1.7,Heat,0,56.4,Danger,29
19-04-2026 02:26,Pavagadh,5,79.51,63.6,0,7,2.82,Heat,0,69.04,Danger,32
19-04-2026 02:27,Pavagadh,5,95.24,76.19,0,8,2.63,Heat,0,71.61,Danger,35
19-04-2026 02:28,Pavagadh,5,82.7,66.16,0,10,2.84,Heat,0,74.67,Danger,37
19-04-2026 02:29,Pavagadh,5,85.61,68.49,0,8,2.57,Heat,0,68.59,Danger,33
19-04-2026 02:30,Pavagadh,5,80.02,64.02,0,5,2.31,Heat,0,59.01,Danger,25
19-04-2026 02:31,Pavagadh,5,87.76,70.21,0,9,2.24,Heat,0,65.87,Danger,31
19-04-2026 02:32,Pavagadh,5,92.36,73.89,0,11,2.13,Heat,1,68.44,Danger,34
19-04-2026 02:33,Pavagadh,5,98.13,78.51,0,6,2.17,Heat,1,62.9,Danger,32
19-04-2026 02:34,Pavagadh,5,78.56,62.85,0,8,1.59,Heat,1,53.1,Moderate,23
19-04-2026 02:35,Pavagadh,5,87.37,69.9,0,11,2.67,Heat,1,74.85,Danger,34
19-04-2026 02:36,Pavagadh,5,97.46,77.97,0,9,2.44,Heat,1,71.03,Danger,33
19-04-2026 02:37,Pavagadh,5,107.38,85.9,0,6,2.05,Heat,1,63.44,Danger,26
19-04-2026 02:38,Pavagadh,5,94.38,75.5,0,8,1.97,Heat,1,62.22,Danger,29
19-04-2026 02:39,Pavagadh,5,82.41,65.93,0,7,2.56,Heat,1,66.07,Danger,35
19-04-2026 02:40,Pavagadh,5,105.95,84.76,0,7,2.7,Heat,1,73.67,Danger,35
19-04-2026 02:41,Pavagadh,5,108.02,86.41,0,5,2.74,Heat,1,71.8,Danger,34
19-04-2026 02:42,Pavagadh,5,104.43,83.54,0,8,2.6,Heat,1,73.48,Danger,37
19-04-2026 02:43,Pavagadh,5,81.34,65.07,0,5,2.32,Heat,1,59.48,Danger,30
19-04-2026 02:44,Pavagadh,5,94.69,75.75,0,11,2.45,Heat,1,73.58,Danger,34
19-04-2026 02:45,Pavagadh,5,106.31,85.04,0,9,2.77,Heat,1,77.8,Critical,42
19-04-2026 02:46,Pavagadh,5,118.4,94.72,0,5,2.74,Heat,1,74.28,Danger,38
19-04-2026 02:47,Pavagadh,5,104.21,83.37,0,9,2.66,Heat,1,75.71,Critical,34
19-04-2026 02:48,Pavagadh,5,115.96,92.77,0,9,2.23,Heat,1,72.58,Danger,42
19-04-2026 02:49,Pavagadh,5,111.7,89.36,0,10,3.13,Heat,1,85.6,Critical,44
19-04-2026 02:50,Pavagadh,5,105.06,84.05,0,5,2.58,Heat,1,68.79,Danger,33
19-04-2026 02:51,Pavagadh,5,133.97,107.18,0,6,3.13,Heat,1,84.95,Critical,45
19-04-2026 02:52,Pavagadh,5,109.52,87.61,0,11,2.51,Heat,1,77.91,Critical,37
19-04-2026 02:53,Pavagadh,5,101.1,80.88,0,11,2.6,Heat,1,77.1,Critical,37
19-04-2026 02:54,Pavagadh,5,107.28,85.82,0,5,2.91,Heat,1,74.05,Danger,37
19-04-2026 02:55,Pavagadh,5,117.31,93.85,0,11,2.29,Heat,1,76.66,Critical,42
19-04-2026 02:56,Pavagadh,5,114.51,91.61,0,10,2.92,Heat,1,83.39,Critical,41
19-04-2026 02:57,Pavagadh,5,99.96,79.97,0,5,2.26,Heat,1,63.1,Danger,29
19-04-2026 02:58,Pavagadh,5,127.22,101.78,0,8,2.98,Heat,1,84.31,Critical,43
19-04-2026 02:59,Pavagadh,5,110.04,88.03,0,9,2.94,Heat,1,81.06,Critical,40
19-04-2026 03:00,Pavagadh,5,135.28,108.22,0,6,3.23,Heat,1,86.66,Critical,44
19-04-2026 03:01,Pavagadh,5,139.04,111.24,0,8,2.47,Heat,1,79.9,Critical,38
19-04-2026 03:02,Pavagadh,5,97.63,78.1,0,10,2.34,Heat,1,71.16,Danger,33
19-04-2026 03:03,Pavagadh,5,115.36,92.29,0,9,3.32,Heat,1,87.66,Critical,42
19-04-2026 03:04,Pavagadh,5,123.58,98.86,0,9,2.88,Heat,1,83.49,Critical,38
19-04-2026 03:05,Pavagadh,5,106.6,85.28,0,7,2.45,Heat,1,70.35,Danger,40
19-04-2026 03:06,Pavagadh,5,114.97,91.98,0,9,3.47,Heat,1,89.71,Critical,49
19-04-2026 03:07,Pavagadh,5,139.83,111.87,0,8,2.97,Heat,1,87.21,Critical,41
19-04-2026 03:08,Pavagadh,5,136.59,109.27,0,6,2.68,Heat,1,79.24,Critical,41
19-04-2026 03:09,Pavagadh,5,126.71,101.37,0,9,2.41,Heat,1,77.71,Critical,35
19-04-2026 03:10,Pavagadh,5,119.77,95.82,0,8,3.31,Heat,1,87.1,Critical,42
19-04-2026 03:11,Pavagadh,5,125.05,100.04,0,9,3.19,Heat,1,88.17,Critical,43
19-04-2026 03:12,Pavagadh,5,134.01,107.21,0,9,3.24,Heat,1,91.05,Critical,44
19-04-2026 03:13,Pavagadh,5,144.92,115.94,0,10,3.06,Heat,1,92.57,Critical,46
19-04-2026 03:14,Pavagadh,5,140.72,112.57,0,6,3.11,Heat,1,86.24,Critical,48
19-04-2026 03:15,Pavagadh,5,135.64,108.51,0,7,3.16,Heat,1,87.36,Critical,42
19-04-2026 03:16,Pavagadh,5,136.65,109.32,0,11,3.08,Heat,1,92.44,Critical,46
19-04-2026 03:17,Pavagadh,5,147.08,117.66,0,7,3.13,Heat,1,89.66,Critical,48
19-04-2026 03:18,Pavagadh,5,140.14,112.11,0,6,2.78,Heat,1,81.5,Critical,42
19-04-2026 03:19,Pavagadh,5,152.46,121.97,0,7,3.46,Heat,1,95.54,Critical,43
19-04-2026 03:20,Pavagadh,5,146.21,116.96,0,6,2.73,Heat,1,82.35,Critical,41
19-04-2026 03:21,Pavagadh,5,153.53,122.83,1,19,3.41,Rain,1,100.0,Critical,50
19-04-2026 03:22,Pavagadh,5,148.44,118.76,1,16,3.2,Rain,1,100.0,Critical,49
19-04-2026 03:23,Pavagadh,5,159.75,127.8,1,21,3.19,Rain,1,100.0,Critical,51
19-04-2026 03:24,Pavagadh,5,142.03,113.62,1,20,3.35,Rain,1,100.0,Critical,51
19-04-2026 03:25,Pavagadh,5,168.06,134.45,1,21,3.2,Rain,1,100.0,Critical,48
19-04-2026 03:26,Pavagadh,5,121.07,96.86,1,21,3.32,Rain,1,100.0,Critical,49
19-04-2026 03:27,Pavagadh,5,127.15,101.72,1,17,3.74,Rain,1,100.0,Critical,50
19-04-2026 03:28,Pavagadh,5,127.94,102.35,1,19,3.29,Rain,1,100.0,Critical,47
19-04-2026 03:29,Pavagadh,5,116.6,93.28,1,19,3.72,Rain,1,100.0,Critical,51
19-04-2026 03:30,Pavagadh,5,153.49,122.79,1,20,3.09,Rain,1,100.0,Critical,50
19-04-2026 03:31,Pavagadh,5,171.45,137.16,1,15,4.41,Rain,1,100.0,Critical,49
19-04-2026 03:32,Pavagadh,5,172.18,137.75,1,22,2.98,Rain,1,100.0,Critical,51
19-04-2026 03:33,Pavagadh,5,152.83,122.27,1,19,3.98,Rain,1,100.0,Critical,50
19-04-2026 03:34,Pavagadh,5,192.19,153.75,1,16,3.6,Rain,1,100.0,Critical,50
19-04-2026 03:35,Pavagadh,5,160.37,128.29,1,18,3.52,Rain,1,100.0,Critical,48
19-04-2026 03:36,Pavagadh,5,168.21,134.57,1,16,3.75,Rain,1,100.0,Critical,47
19-04-2026 03:37,Pavagadh,5,160.06,128.04,1,16,4.13,Rain,1,100.0,Critical,47
19-04-2026 03:38,Pavagadh,5,164.47,131.58,1,24,3.6,Rain,1,100.0,Critical,54
19-04-2026 03:39,Pavagadh,5,152.94,122.35,1,20,3.03,Rain,1,100.0,Critical,48
19-04-2026 03:40,Pavagadh,5,165.57,132.46,1,16,4.04,Rain,1,100.0,Critical,51
19-04-2026 03:41,Pavagadh,5,152.66,122.12,1,23,3.28,Rain,1,100.0,Critical,52
19-04-2026 03:42,Pavagadh,5,178.19,142.55,1,24,3.89,Rain,1,100.0,Critical,54
19-04-2026 03:43,Pavagadh,5,162.68,130.15,1,21,3.46,Rain,1,100.0,Critical,50
19-04-2026 03:44,Pavagadh,5,160.13,128.1,1,23,3.4,Rain,1,100.0,Critical,50
19-04-2026 03:45,Pavagadh,5,158.17,126.53,1,24,4.27,Rain,1,100.0,Critical,52
19-04-2026 03:46,Pavagadh,5,146.97,117.57,1,24,3.93,Rain,1,100.0,Critical,51
19-04-2026 03:47,Pavagadh,5,163.71,130.97,1,16,3.84,Rain,1,100.0,Critical,49
19-04-2026 03:48,Pavagadh,5,178.26,142.61,1,24,4.6,Rain,1,100.0,Critical,48
19-04-2026 03:49,Pavagadh,5,180.75,144.6,1,24,4.08,Rain,1,100.0,Critical,50
19-04-2026 03:50,Pavagadh,5,142.23,113.78,1,20,4.04,Rain,1,100.0,Critical,48
19-04-2026 03:51,Pavagadh,5,164.78,131.82,1,15,4.13,Rain,1,100.0,Critical,50
19-04-2026 03:52,Pavagadh,5,168.39,134.71,1,23,4.11,Rain,1,100.0,Critical,47
19-04-2026 03:53,Pavagadh,5,187.89,150.31,1,17,3.66,Rain,1,100.0,Critical,50
19-04-2026 03:54,Pavagadh,5,188.47,150.78,1,23,3.66,Rain,1,100.0,Critical,50
19-04-2026 03:55,Pavagadh,5,162.82,130.26,1,22,3.48,Rain,1,100.0,Critical,46
19-04-2026 03:56,Pavagadh,5,201.15,160.92,1,19,3.77,Rain,1,100.0,Critical,47
19-04-2026 03:57,Pavagadh,5,182.21,145.77,1,23,4.11,Rain,1,100.0,Critical,49
19-04-2026 03:58,Pavagadh,5,193.8,155.04,1,20,3.54,Rain,1,100.0,Critical,48
19-04-2026 03:59,Pavagadh,5,190.55,152.44,1,17,4.41,Rain,1,100.0,Critical,51
19-04-2026 04:00,Pavagadh,5,186.54,149.23,1,23,4.44,Rain,1,100.0,Critical,45
19-04-2026 04:01,Pavagadh,5,195.39,156.31,1,23,4.1,Rain,1,100.0,Critical,49
19-04-2026 04:02,Pavagadh,5,174.48,139.58,1,20,4.12,Rain,1,100.0,Critical,49
19-04-2026 04:03,Pavagadh,5,182.99,146.4,1,21,4.49,Rain,1,100.0,Critical,53
19-04-2026 04:04,Pavagadh,5,182.94,146.36,1,18,4.74,Rain,1,100.0,Critical,51
19-04-2026 04:05,Pavagadh,5,210.51,168.41,1,21,4.36,Rain,1,100.0,Critical,48
19-04-2026 04:06,Pavagadh,5,199.15,159.32,1,18,4.55,Rain,1,100.0,Critical,50
19-04-2026 04:07,Pavagadh,5,211.42,169.14,1,17,4.76,Rain,1,100.0,Critical,48
19-04-2026 04:08,Pavagadh,5,182.27,145.82,1,15,4.34,Rain,1,100.0,Critical,46
19-04-2026 04:09,Pavagadh,5,171.58,137.26,1,16,5.35,Rain,1,100.0,Critical,47
19-04-2026 04:10,Pavagadh,5,189.92,151.94,1,22,3.89,Rain,1,100.0,Critical,53
19-04-2026 04:11,Pavagadh,5,199.27,159.41,1,15,3.98,Rain,1,100.0,Critical,47
19-04-2026 04:12,Pavagadh,5,221.17,176.94,1,18,4.17,Rain,1,100.0,Critical,47
19-04-2026 04:13,Pavagadh,5,194.93,155.94,1,23,4.87,Rain,1,100.0,Critical,52
19-04-2026 04:14,Pavagadh,5,194.26,155.41,1,21,4.77,Rain,1,100.0,Critical,47
19-04-2026 04:15,Pavagadh,5,193.69,154.95,1,24,4.68,Rain,1,100.0,Critical,51
19-04-2026 04:16,Pavagadh,5,196.62,157.29,1,18,4.76,Rain,1,100.0,Critical,51
19-04-2026 04:17,Pavagadh,5,214.96,171.97,1,18,4.18,Rain,1,100.0,Critical,47
19-04-2026 04:18,Pavagadh,5,202.76,162.21,1,15,4.67,Rain,1,100.0,Critical,52
19-04-2026 04:19,Pavagadh,5,215.44,172.35,1,22,4.67,Rain,1,100.0,Critical,50
19-04-2026 04:20,Pavagadh,5,226.51,181.21,1,23,4.64,Rain,1,100.0,Critical,50
19-04-2026 04:21,Pavagadh,5,244.03,195.22,1,20,4.81,Rain,1,100.0,Critical,54
19-04-2026 04:22,Pavagadh,5,220.12,176.1,1,18,4.54,Rain,1,100.0,Critical,49
19-04-2026 04:23,Pavagadh,5,221.98,177.59,1,17,5.49,Rain,1,100.0,Critical,45
19-04-2026 04:24,Pavagadh,5,226.21,180.97,1,15,5.17,Rain,1,100.0,Critical,51
19-04-2026 04:25,Pavagadh,5,197.08,157.67,1,15,4.52,Rain,1,100.0,Critical,48
19-04-2026 04:26,Pavagadh,5,212.78,170.22,1,21,5.27,Rain,1,100.0,Critical,50
19-04-2026 04:27,Pavagadh,5,225.5,180.4,1,18,4.44,Rain,1,100.0,Critical,46
19-04-2026 04:28,Pavagadh,5,198.78,159.03,1,15,5.42,Rain,1,100.0,Critical,49
19-04-2026 04:29,Pavagadh,5,209.19,167.35,1,19,5.28,Rain,1,100.0,Critical,49
19-04-2026 04:30,Pavagadh,5,246.51,197.21,1,19,3.91,Rain,1,100.0,Critical,50
19-04-2026 04:31,Pavagadh,5,205.41,164.33,1,17,5.04,Rain,1,100.0,Critical,49
19-04-2026 04:32,Pavagadh,5,228.61,182.89,1,20,4.73,Rain,1,100.0,Critical,51
19-04-2026 04:33,Pavagadh,5,233.96,187.17,1,20,5.02,Rain,1,100.0,Critical,49
19-04-2026 04:34,Pavagadh,5,227.34,181.87,1,22,4.5,Rain,1,100.0,Critical,48
19-04-2026 04:35,Pavagadh,5,224.75,179.8,1,20,4.52,Rain,1,100.0,Critical,54
19-04-2026 04:36,Pavagadh,5,219.13,175.3,1,15,5.01,Rain,1,100.0,Critical,51
19-04-2026 04:37,Pavagadh,5,232.86,186.29,1,23,4.88,Rain,1,100.0,Critical,49
19-04-2026 04:38,Pavagadh,5,236.19,188.96,1,23,5.79,Rain,1,100.0,Critical,50
19-04-2026 04:39,Pavagadh,5,202.75,162.2,1,24,4.79,Rain,1,100.0,Critical,49
19-04-2026 04:40,Pavagadh,5,227.11,181.69,1,17,5.17,Rain,1,100.0,Critical,48
19-04-2026 04:41,Pavagadh,5,232.83,186.26,1,20,6.06,Rain,1,100.0,Critical,48
19-04-2026 04:42,Pavagadh,5,241.39,193.11,1,19,6.2,Rain,1,100.0,Critical,48
19-04-2026 04:43,Pavagadh,5,221.97,177.58,1,19,5.02,Rain,1,100.0,Critical,49
19-04-2026 04:44,Pavagadh,5,215.35,172.28,1,16,4.73,Rain,1,100.0,Critical,50
19-04-2026 04:45,Pavagadh,5,223.95,179.16,1,15,5.72,Rain,1,100.0,Critical,47
19-04-2026 04:46,Pavagadh,5,222.26,177.81,1,18,5.5,Rain,1,100.0,Critical,46
19-04-2026 04:47,Pavagadh,5,252.59,202.07,1,15,6.14,Rain,1,100.0,Critical,51
19-04-2026 04:48,Pavagadh,5,260.96,208.77,1,22,5.4,Rain,1,100.0,Critical,47
19-04-2026 04:49,Pavagadh,5,246.18,196.95,1,18,5.41,Rain,1,100.0,Critical,51
19-04-2026 04:50,Pavagadh,5,259.29,207.43,1,19,4.82,Rain,1,100.0,Critical,49
19-04-2026 04:51,Pavagadh,5,251.04,200.83,1,16,4.87,Rain,1,100.0,Critical,51
19-04-2026 04:52,Pavagadh,5,268.64,214.91,1,16,5.32,Rain,1,100.0,Critical,48
19-04-2026 04:53,Pavagadh,5,227.55,182.04,1,19,5.36,Rain,1,100.0,Critical,53
19-04-2026 04:54,Pavagadh,5,255.75,204.6,1,24,5.81,Rain,1,100.0,Critical,50
19-04-2026 04:55,Pavagadh,5,239.93,191.95,1,19,5.08,Rain,1,100.0,Critical,49
19-04-2026 04:56,Pavagadh,5,250.27,200.22,1,20,4.93,Rain,1,100.0,Critical,53
19-04-2026 04:57,Pavagadh,5,257.02,205.62,1,22,5.08,Rain,1,100.0,Critical,52
19-04-2026 04:58,Pavagadh,5,261.69,209.35,1,18,5.58,Rain,1,100.0,Critical,48
19-04-2026 04:59,Pavagadh,5,254.86,203.89,1,21,6.03,Rain,1,100.0,Critical,50
19-04-2026 05:00,Pavagadh,5,239.89,191.91,1,18,6.0,Rain,1,100.0,Critical,47
19-04-2026 05:01,Pavagadh,5,239.48,191.58,0,20,5.33,Clear,0,100.0,Critical,46
19-04-2026 05:02,Pavagadh,5,270.99,216.79,0,20,5.55,Clear,0,100.0,Critical,48
19-04-2026 05:03,Pavagadh,5,245.39,196.31,0,20,5.89,Clear,0,100.0,Critical,50
19-04-2026 05:04,Pavagadh,5,255.13,204.1,0,20,5.64,Clear,0,100.0,Critical,49
19-04-2026 05:05,Pavagadh,5,249.25,199.4,0,20,5.49,Clear,0,100.0,Critical,48
19-04-2026 05:06,Pavagadh,5,252.82,202.25,0,20,5.32,Clear,0,100.0,Critical,49
19-04-2026 05:07,Pavagadh,5,241.73,193.38,0,20,5.37,Clear,0,100.0,Critical,51
19-04-2026 05:08,Pavagadh,5,252.32,201.86,0,20,5.56,Clear,0,100.0,Critical,48
19-04-2026 05:09,Pavagadh,5,256.77,205.42,0,20,5.26,Clear,0,100.0,Critical,51
19-04-2026 05:10,Pavagadh,5,234.26,187.41,0,20,5.9,Clear,0,100.0,Critical,52
19-04-2026 05:11,Pavagadh,5,229.69,183.75,0,20,5.3,Clear,0,100.0,Critical,48
19-04-2026 05:12,Pavagadh,5,235.41,188.33,0,20,5.93,Clear,0,100.0,Critical,44
19-04-2026 05:13,Pavagadh,5,228.71,182.97,0,19,5.2,Clear,0,100.0,Critical,49
19-04-2026 05:14,Pavagadh,5,237.39,189.91,0,19,5.03,Clear,0,100.0,Critical,49
19-04-2026 05:15,Pavagadh,5,231.47,185.18,0,19,5.37,Clear,0,100.0,Critical,50
19-04-2026 05:16,Pavagadh,5,255.32,204.25,0,19,5.01,Clear,0,100.0,Critical,48
19-04-2026 05:17,Pavagadh,5,241.03,192.82,0,19,4.69,Clear,0,100.0,Critical,51
19-04-2026 05:18,Pavagadh,5,235.53,188.43,0,19,5.79,Clear,0,100.0,Critical,54
19-04-2026 05:19,Pavagadh,5,252.49,201.99,0,19,5.64,Clear,0,100.0,Critical,48
19-04-2026 05:20,Pavagadh,5,253.94,203.16,0,19,5.62,Clear,0,100.0,Critical,51
19-04-2026 05:21,Pavagadh,5,250.04,200.03,0,19,5.1,Clear,0,100.0,Critical,52
19-04-2026 05:22,Pavagadh,5,249.83,199.86,0,19,5.03,Clear,0,100.0,Critical,51
19-04-2026 05:23,Pavagadh,5,232.32,185.86,0,19,5.27,Clear,0,100.0,Critical,45
19-04-2026 05:24,Pavagadh,5,238.27,190.62,0,18,5.02,Clear,0,100.0,Critical,49
19-04-2026 05:25,Pavagadh,5,236.01,188.81,0,18,5.05,Clear,0,100.0,Critical,50
19-04-2026 05:26,Pavagadh,5,224.85,179.88,0,18,5.42,Clear,0,100.0,Critical,50
19-04-2026 05:27,Pavagadh,5,206.58,165.26,0,18,5.54,Clear,0,100.0,Critical,51
19-04-2026 05:28,Pavagadh,5,234.21,187.37,0,18,5.34,Clear,0,100.0,Critical,50
19-04-2026 05:29,Pavagadh,5,226.88,181.5,0,18,5.6,Clear,0,100.0,Critical,50
19-04-2026 05:30,Pavagadh,5,236.17,188.93,0,18,5.04,Clear,0,100.0,Critical,53
19-04-2026 05:31,Pavagadh,5,226.99,181.59,0,18,5.11,Clear,0,100.0,Critical,50
19-04-2026 05:32,Pavagadh,5,217.0,173.6,0,18,4.83,Clear,0,100.0,Critical,52
19-04-2026 05:33,Pavagadh,5,221.62,177.3,0,18,5.17,Clear,0,100.0,Critical,49
19-04-2026 05:34,Pavagadh,5,198.94,159.16,0,18,4.75,Clear,0,100.0,Critical,46
19-04-2026 05:35,Pavagadh,5,229.21,183.37,0,17,4.97,Clear,0,100.0,Critical,49
19-04-2026 05:36,Pavagadh,5,221.37,177.09,0,17,5.27,Clear,0,100.0,Critical,51
19-04-2026 05:37,Pavagadh,5,211.59,169.27,0,17,5.04,Clear,0,100.0,Critical,51
19-04-2026 05:38,Pavagadh,5,211.11,168.89,0,17,4.62,Clear,0,100.0,Critical,48
19-04-2026 05:39,Pavagadh,5,221.78,177.42,0,17,4.75,Clear,0,100.0,Critical,50
19-04-2026 05:40,Pavagadh,5,231.36,185.09,0,17,4.92,Clear,0,100.0,Critical,50
19-04-2026 05:41,Pavagadh,5,220.65,176.52,0,17,5.1,Clear,0,100.0,Critical,50
19-04-2026 05:42,Pavagadh,5,206.41,165.13,0,17,5.06,Clear,0,100.0,Critical,50
19-04-2026 05:43,Pavagadh,5,220.19,176.16,0,17,4.94,Clear,0,100.0,Critical,48
19-04-2026 05:44,Pavagadh,5,196.41,157.13,0,17,5.2,Clear,0,100.0,Critical,48
19-04-2026 05:45,Pavagadh,5,212.68,170.14,0,17,4.86,Clear,0,100.0,Critical,45
19-04-2026 05:46,Pavagadh,5,194.05,155.24,0,16,4.74,Clear,0,100.0,Critical,50
19-04-2026 05:47,Pavagadh,5,212.37,169.89,0,16,4.46,Clear,0,100.0,Critical,50
19-04-2026 05:48,Pavagadh,5,196.88,157.5,0,16,4.47,Clear,0,100.0,Critical,49
19-04-2026 05:49,Pavagadh,5,191.71,153.37,0,16,5.13,Clear,0,100.0,Critical,49
19-04-2026 05:50,Pavagadh,5,183.26,146.6,0,16,5.06,Clear,0,100.0,Critical,47
19-04-2026 05:51,Pavagadh,5,209.23,167.38,0,16,4.8,Clear,0,100.0,Critical,51
19-04-2026 05:52,Pavagadh,5,208.1,166.48,0,16,4.68,Clear,0,100.0,Critical,53
19-04-2026 05:53,Pavagadh,5,190.76,152.61,0,16,4.23,Clear,0,100.0,Critical,48
19-04-2026 05:54,Pavagadh,5,200.68,160.55,0,16,5.04,Clear,0,100.0,Critical,53
19-04-2026 05:55,Pavagadh,5,187.28,149.83,0,16,4.78,Clear,0,100.0,Critical,52
19-04-2026 05:56,Pavagadh,5,183.27,146.61,0,16,4.13,Clear,0,100.0,Critical,50
19-04-2026 05:57,Pavagadh,5,214.1,171.28,0,15,4.45,Clear,0,100.0,Critical,51
19-04-2026 05:58,Pavagadh,5,197.31,157.84,0,15,4.56,Clear,0,100.0,Critical,48
19-04-2026 05:59,Pavagadh,5,188.65,150.92,0,15,3.67,Clear,0,100.0,Critical,48
19-04-2026 06:00,Pavagadh,5,180.54,144.43,0,15,3.77,Clear,0,100.0,Critical,50
19-04-2026 06:01,Pavagadh,5,184.68,147.74,0,15,3.99,Clear,0,100.0,Critical,50
19-04-2026 06:02,Pavagadh,5,194.81,155.85,0,15,4.15,Clear,0,100.0,Critical,47
19-04-2026 06:03,Pavagadh,5,173.49,138.79,0,15,4.4,Clear,0,100.0,Critical,48
19-04-2026 06:04,Pavagadh,5,191.79,153.43,0,15,3.98,Clear,0,100.0,Critical,49
19-04-2026 06:05,Pavagadh,5,186.23,148.98,0,15,4.4,Clear,0,100.0,Critical,49
19-04-2026 06:06,Pavagadh,5,203.85,163.08,0,15,4.34,Clear,0,100.0,Critical,53
19-04-2026 06:07,Pavagadh,5,182.26,145.81,0,15,3.91,Clear,0,100.0,Critical,46
19-04-2026 06:08,Pavagadh,5,197.27,157.82,0,14,4.08,Clear,0,100.0,Critical,50
19-04-2026 06:09,Pavagadh,5,176.04,140.83,0,14,4.13,Clear,0,100.0,Critical,55
19-04-2026 06:10,Pavagadh,5,177.52,142.02,0,14,4.39,Clear,0,100.0,Critical,50
19-04-2026 06:11,Pavagadh,5,171.99,137.59,0,14,4.43,Clear,0,100.0,Critical,48
19-04-2026 06:12,Pavagadh,5,163.03,130.43,0,14,4.39,Clear,0,100.0,Critical,49
19-04-2026 06:13,Pavagadh,5,167.43,133.94,0,14,4.27,Clear,0,100.0,Critical,51
19-04-2026 06:14,Pavagadh,5,183.89,147.11,0,14,4.27,Clear,0,100.0,Critical,46
19-04-2026 06:15,Pavagadh,5,162.5,130.0,0,14,4.23,Clear,0,100.0,Critical,50
19-04-2026 06:16,Pavagadh,5,175.02,140.02,0,14,4.05,Clear,0,100.0,Critical,50
19-04-2026 06:17,Pavagadh,5,168.26,134.61,0,14,3.85,Clear,0,100.0,Critical,51
19-04-2026 06:18,Pavagadh,5,174.34,139.47,0,14,3.84,Clear,0,100.0,Critical,49
19-04-2026 06:19,Pavagadh,5,166.81,133.44,0,13,3.54,Clear,0,100.0,Critical,49
19-04-2026 06:20,Pavagadh,5,153.6,122.88,0,13,3.86,Clear,0,100.0,Critical,50
19-04-2026 06:21,Pavagadh,5,163.85,131.08,0,13,3.39,Clear,0,100.0,Critical,49
19-04-2026 06:22,Pavagadh,5,181.86,145.49,0,13,4.0,Clear,0,100.0,Critical,49
19-04-2026 06:23,Pavagadh,5,168.98,135.18,0,13,4.45,Clear,0,100.0,Critical,49
19-04-2026 06:24,Pavagadh,5,157.0,125.6,0,13,3.6,Clear,0,100.0,Critical,51
19-04-2026 06:25,Pavagadh,5,150.61,120.49,0,13,3.46,Clear,0,100.0,Critical,51
19-04-2026 06:26,Pavagadh,5,163.18,130.54,0,13,3.88,Clear,0,100.0,Critical,48
19-04-2026 06:27,Pavagadh,5,162.94,130.35,0,13,3.77,Clear,0,100.0,Critical,49
19-04-2026 06:28,Pavagadh,5,161.37,129.1,0,13,3.46,Clear,0,100.0,Critical,51
19-04-2026 06:29,Pavagadh,5,148.93,119.14,0,13,3.81,Clear,0,100.0,Critical,51
19-04-2026 06:30,Pavagadh,5,162.19,129.76,0,12,3.78,Clear,0,100.0,Critical,54
19-04-2026 06:31,Pavagadh,5,174.17,139.33,0,12,3.21,Clear,0,100.0,Critical,52
19-04-2026 06:32,Pavagadh,5,163.61,130.89,0,12,3.85,Clear,0,100.0,Critical,53
19-04-2026 06:33,Pavagadh,5,169.66,135.73,0,12,2.73,Clear,0,96.92,Critical,48
19-04-2026 06:34,Pavagadh,5,165.59,132.47,0,12,3.4,Clear,0,100.0,Critical,51
19-04-2026 06:35,Pavagadh,5,144.16,115.33,0,12,3.99,Clear,0,100.0,Critical,50
19-04-2026 06:36,Pavagadh,5,145.37,116.3,0,12,3.36,Clear,0,100.0,Critical,53
19-04-2026 06:37,Pavagadh,5,157.61,126.09,0,12,3.74,Clear,0,100.0,Critical,49
19-04-2026 06:38,Pavagadh,5,141.97,113.58,0,12,3.3,Clear,0,98.22,Critical,48
19-04-2026 06:39,Pavagadh,5,150.67,120.54,0,12,3.52,Clear,0,100.0,Critical,49
19-04-2026 06:40,Pavagadh,5,154.52,123.61,0,12,2.96,Clear,0,96.49,Critical,48
19-04-2026 06:41,Pavagadh,5,132.41,105.93,0,11,3.43,Clear,0,96.24,Critical,48
19-04-2026 06:42,Pavagadh,5,152.16,121.73,0,11,3.51,Clear,0,100.0,Critical,51
19-04-2026 06:43,Pavagadh,5,127.25,101.8,0,11,3.23,Clear,0,92.26,Critical,44
19-04-2026 06:44,Pavagadh,5,149.93,119.94,0,11,3.0,Clear,0,94.53,Critical,46
19-04-2026 06:45,Pavagadh,5,130.94,104.75,0,11,3.39,Clear,0,95.37,Critical,54
19-04-2026 06:46,Pavagadh,5,141.48,113.18,0,11,3.18,Clear,0,94.99,Critical,48
19-04-2026 06:47,Pavagadh,5,137.61,110.09,0,11,3.59,Clear,0,99.83,Critical,45
19-04-2026 06:48,Pavagadh,5,137.74,110.19,0,11,3.5,Clear,0,98.6,Critical,48
19-04-2026 06:49,Pavagadh,5,135.41,108.33,0,11,3.18,Clear,0,93.51,Critical,44
19-04-2026 06:50,Pavagadh,5,118.13,94.5,0,11,3.25,Clear,0,90.37,Critical,48
19-04-2026 06:51,Pavagadh,5,121.32,97.06,0,11,3.02,Clear,0,87.91,Critical,42
19-04-2026 06:52,Pavagadh,5,129.06,103.25,0,11,2.83,Clear,0,87.06,Critical,43
19-04-2026 06:53,Pavagadh,5,128.37,102.7,0,10,2.96,Clear,0,87.23,Critical,44
19-04-2026 06:54,Pavagadh,5,143.84,115.08,0,10,3.26,Clear,0,95.1,Critical,45
19-04-2026 06:55,Pavagadh,5,139.22,111.38,0,10,3.5,Clear,0,97.37,Critical,50
19-04-2026 06:56,Pavagadh,5,125.17,100.13,0,10,3.45,Clear,0,93.4,Critical,45
19-04-2026 06:57,Pavagadh,5,128.34,102.67,0,10,2.73,Clear,0,84.09,Critical,41
19-04-2026 06:58,Pavagadh,5,121.93,97.54,0,10,2.75,Clear,0,82.73,Critical,39
19-04-2026 06:59,Pavagadh,5,126.01,100.81,0,10,2.96,Clear,0,86.71,Critical,41
19-04-2026 07:00,Pavagadh,5,134.69,107.76,0,10,2.91,Clear,0,88.03,Critical,42
19-04-2026 07:01,Pavagadh,5,102.67,82.13,0,10,2.69,Clear,0,77.29,Critical,39
19-04-2026 07:02,Pavagadh,5,137.82,110.26,0,10,3.05,Clear,0,90.73,Critical,47
19-04-2026 07:03,Pavagadh,5,118.73,94.99,0,10,2.43,Clear,0,77.53,Critical,38
19-04-2026 07:04,Pavagadh,5,118.47,94.78,0,9,2.62,Clear,0,78.64,Critical,38
19-04-2026 07:05,Pavagadh,5,125.31,100.25,0,9,3.21,Clear,0,88.56,Critical,39
19-04-2026 07:06,Pavagadh,5,128.51,102.81,0,9,2.77,Clear,0,83.14,Critical,37
19-04-2026 07:07,Pavagadh,5,105.49,84.39,0,9,3.21,Clear,0,83.8,Critical,41
19-04-2026 07:08,Pavagadh,5,112.15,89.72,0,9,2.77,Clear,0,79.26,Critical,36
19-04-2026 07:09,Pavagadh,5,109.18,87.34,0,9,2.71,Clear,0,77.7,Critical,43
19-04-2026 07:10,Pavagadh,5,108.0,86.4,0,9,2.57,Clear,0,75.46,Critical,37
19-04-2026 07:11,Pavagadh,5,115.74,92.59,0,9,2.36,Clear,0,74.36,Danger,35
19-04-2026 07:12,Pavagadh,5,115.55,92.44,0,9,2.93,Clear,0,82.31,Critical,40
19-04-2026 07:13,Pavagadh,5,106.07,84.86,0,9,2.44,Clear,0,73.1,Danger,37
19-04-2026 07:14,Pavagadh,5,143.22,114.58,0,9,2.12,Clear,0,77.5,Critical,38
19-04-2026 07:15,Pavagadh,5,95.3,76.24,0,8,2.25,Clear,0,66.37,Danger,31
19-04-2026 07:16,Pavagadh,5,104.83,83.86,0,8,2.24,Clear,0,68.49,Danger,32
19-04-2026 07:17,Pavagadh,5,94.39,75.51,0,8,2.6,Clear,0,71.08,Danger,33
19-04-2026 07:18,Pavagadh,5,108.34,86.67,0,8,2.34,Clear,0,70.79,Danger,33
19-04-2026 07:19,Pavagadh,5,94.39,75.51,0,8,2.71,Clear,0,72.59,Danger,33
19-04-2026 07:20,Pavagadh,5,73.21,58.57,0,8,2.07,Clear,0,58.6,Danger,28
19-04-2026 07:21,Pavagadh,5,94.05,75.24,0,8,2.54,Clear,0,70.18,Danger,36
19-04-2026 07:22,Pavagadh,5,96.32,77.05,0,8,2.56,Clear,0,71.02,Danger,36
19-04-2026 07:23,Pavagadh,5,97.28,77.83,0,8,1.48,Clear,0,56.05,Danger,30
19-04-2026 07:24,Pavagadh,5,90.87,72.69,0,8,2.51,Clear,0,68.94,Danger,35
19-04-2026 07:25,Pavagadh,5,91.0,72.8,0,8,2.39,Clear,0,67.35,Danger,32
19-04-2026 07:26,Pavagadh,5,85.6,68.48,0,7,2.64,Clear,0,68.02,Danger,32
19-04-2026 07:27,Pavagadh,5,80.81,64.64,0,7,2.09,Clear,0,59.22,Danger,26
19-04-2026 07:28,Pavagadh,5,87.98,70.38,0,7,1.4,Clear,0,51.15,Moderate,31
19-04-2026 07:29,Pavagadh,5,89.88,71.9,0,7,2.34,Clear,0,64.87,Danger,34
19-04-2026 07:30,Pavagadh,5,80.92,64.74,0,7,2.35,Clear,0,62.79,Danger,28
19-04-2026 07:31,Pavagadh,5,78.82,63.06,0,7,2.26,Clear,0,61.03,Danger,27
19-04-2026 07:32,Pavagadh,5,78.43,62.75,0,7,1.97,Clear,0,56.9,Danger,33
19-04-2026 07:33,Pavagadh,5,84.95,67.96,0,7,2.02,Clear,0,59.17,Danger,26
19-04-2026 07:34,Pavagadh,5,88.72,70.98,0,7,2.16,Clear,0,62.05,Danger,32
19-04-2026 07:35,Pavagadh,5,85.54,68.43,0,7,2.51,Clear,0,66.23,Danger,33
19-04-2026 07:36,Pavagadh,5,75.3,60.24,0,7,1.48,Clear,0,49.32,Moderate,24
19-04-2026 07:37,Pavagadh,5,88.81,71.05,0,6,1.61,Clear,0,52.86,Moderate,22
19-04-2026 07:38,Pavagadh,5,79.36,63.49,0,6,2.03,Clear,0,56.45,Danger,30
19-04-2026 07:39,Pavagadh,5,74.4,59.52,0,6,1.75,Clear,0,51.35,Moderate,24
19-04-2026 07:40,Pavagadh,5,73.62,58.89,0,6,1.57,Clear,0,48.63,Moderate,26
19-04-2026 07:41,Pavagadh,5,80.28,64.22,0,6,2.06,Clear,0,57.11,Danger,27
19-04-2026 07:42,Pavagadh,5,75.34,60.27,0,6,2.04,Clear,0,55.58,Danger,28
19-04-2026 07:43,Pavagadh,5,67.68,54.15,0,6,1.71,Clear,0,49.21,Moderate,26
19-04-2026 07:44,Pavagadh,5,76.68,61.35,0,6,1.79,Clear,0,52.49,Moderate,26
19-04-2026 07:45,Pavagadh,5,83.56,66.85,0,6,1.85,Clear,0,54.98,Moderate,25
19-04-2026 07:46,Pavagadh,5,67.49,53.99,0,6,1.91,Clear,0,51.92,Moderate,26
19-04-2026 07:47,Pavagadh,5,72.57,58.06,0,6,1.82,Clear,0,51.84,Moderate,28
19-04-2026 07:48,Pavagadh,5,93.67,74.93,0,5,1.9,Clear,0,56.6,Danger,26
19-04-2026 07:49,Pavagadh,5,78.99,63.2,0,5,1.57,Clear,0,48.46,Moderate,22
19-04-2026 07:50,Pavagadh,5,75.25,60.2,0,5,1.36,Clear,0,44.53,Moderate,23
19-04-2026 07:51,Pavagadh,5,61.61,49.29,0,5,1.95,Clear,0,49.64,Moderate,25
19-04-2026 07:52,Pavagadh,5,83.06,66.45,0,5,1.29,Clear,0,45.47,Moderate,21
19-04-2026 07:53,Pavagadh,5,63.26,50.61,0,5,1.77,Clear,0,47.43,Moderate,27
19-04-2026 07:54,Pavagadh,5,66.89,53.51,0,5,1.79,Clear,0,48.57,Moderate,23
19-04-2026 07:55,Pavagadh,5,44.32,35.45,0,5,1.2,Clear,0,34.95,Moderate,20
19-04-2026 07:56,Pavagadh,5,60.92,48.74,0,5,1.44,Clear,0,42.34,Moderate,20
19-04-2026 07:57,Pavagadh,5,50.1,40.08,0,5,1.41,Clear,0,39.26,Moderate,21
19-04-2026 07:58,Pavagadh,5,48.98,39.19,0,5,1.44,Clear,0,39.38,Moderate,16
19-04-2026 07:59,Pavagadh,5,45.21,36.17,0,4,1.3,Clear,0,35.02,Moderate,16
19-04-2026 08:00,Pavagadh,5,55.44,44.36,0,4,1.76,Clear,0,43.88,Moderate,21
19-04-2026 08:01,Pavagadh,5,52.57,42.06,0,4,1.38,Clear,0,37.87,Moderate,17
19-04-2026 08:02,Pavagadh,5,56.3,45.04,0,4,1.53,Clear,0,40.99,Moderate,22
19-04-2026 08:03,Pavagadh,5,38.38,30.7,0,4,1.83,Clear,0,40.81,Moderate,21
19-04-2026 08:04,Pavagadh,5,50.56,40.45,0,4,1.43,Clear,0,38.09,Moderate,17
19-04-2026 08:05,Pavagadh,5,51.03,40.82,0,4,1.88,Clear,0,44.62,Moderate,21
19-04-2026 08:06,Pavagadh,5,31.08,24.86,0,4,1.47,Clear,0,34.04,Moderate,14
19-04-2026 08:07,Pavagadh,5,36.95,29.56,0,4,1.09,Clear,0,30.07,Moderate,13
19-04-2026 08:08,Pavagadh,5,66.25,53.0,0,4,1.23,Clear,0,39.09,Moderate,20
19-04-2026 08:09,Pavagadh,5,53.31,42.65,0,4,1.82,Clear,0,44.29,Moderate,23
19-04-2026 08:10,Pavagadh,5,49.31,39.45,0,3,1.7,Clear,0,40.18,Moderate,22
19-04-2026 08:11,Pavagadh,5,33.99,27.19,0,3,1.39,Clear,0,32.09,Moderate,17
19-04-2026 08:12,Pavagadh,5,41.82,33.45,0,3,1.3,Clear,0,32.71,Moderate,16
19-04-2026 08:13,Pavagadh,5,43.16,34.52,0,3,1.06,Clear,0,29.63,Safe,14
19-04-2026 08:14,Pavagadh,5,34.05,27.24,0,3,0.83,Clear,0,24.26,Safe,12
19-04-2026 08:15,Pavagadh,5,31.72,25.38,0,3,1.38,Clear,0,31.5,Moderate,17
19-04-2026 08:16,Pavagadh,5,40.12,32.1,0,3,1.27,Clear,0,31.97,Moderate,12
19-04-2026 08:17,Pavagadh,5,46.46,37.16,0,3,0.88,Clear,0,27.93,Safe,15
19-04-2026 08:18,Pavagadh,5,22.93,18.34,0,3,0.88,Clear,0,22.34,Safe,8
19-04-2026 08:19,Pavagadh,5,31.12,24.9,0,3,0.89,Clear,0,24.43,Safe,14
19-04-2026 08:20,Pavagadh,5,41.95,33.56,0,3,1.12,Clear,0,30.24,Moderate,15
19-04-2026 00:01,Ambaji,5,31.31,25.04,0,4,1.3,Clear,0,31.77,Moderate,14
19-04-2026 00:02,Ambaji,5,37.22,29.77,0,3,1.06,Clear,0,28.33,Safe,17
19-04-2026 00:03,Ambaji,5,37.67,30.13,0,4,1.07,Clear,0,30.07,Moderate,14
19-04-2026 00:04,Ambaji,5,43.37,34.7,0,2,1.26,Clear,0,31.01,Moderate,15
19-04-2026 00:05,Ambaji,5,39.54,31.63,0,5,1.14,Clear,0,32.91,Moderate,18
19-04-2026 00:06,Ambaji,5,34.86,27.88,0,4,1.21,Clear,0,31.29,Moderate,17
19-04-2026 00:07,Ambaji,5,39.98,31.99,0,3,1.09,Clear,0,29.38,Safe,12
19-04-2026 00:08,Ambaji,5,36.17,28.94,0,2,1.17,Clear,0,28.1,Safe,14
19-04-2026 00:09,Ambaji,5,34.78,27.83,0,5,1.1,Clear,0,31.31,Moderate,19
19-04-2026 00:10,Ambaji,5,33.45,26.76,0,5,1.51,Clear,0,36.73,Moderate,18
19-04-2026 00:11,Ambaji,5,34.5,27.6,0,5,1.43,Clear,0,35.75,Moderate,19
19-04-2026 00:12,Ambaji,5,35.52,28.41,0,2,1.45,Clear,0,31.77,Moderate,17
19-04-2026 00:13,Ambaji,5,41.38,33.1,0,5,1.35,Clear,0,36.28,Moderate,21
19-04-2026 00:14,Ambaji,5,44.44,35.55,0,5,1.24,Clear,0,35.59,Moderate,18
19-04-2026 00:15,Ambaji,5,43.66,34.93,0,3,1.51,Clear,0,36.14,Moderate,17
19-04-2026 00:16,Ambaji,5,36.63,29.3,0,4,1.04,Clear,0,29.38,Safe,12
19-04-2026 00:17,Ambaji,5,35.99,28.79,0,3,1.22,Clear,0,30.18,Moderate,17
19-04-2026 00:18,Ambaji,5,45.03,36.03,0,5,1.15,Clear,0,34.35,Moderate,23
19-04-2026 00:19,Ambaji,5,41.81,33.44,0,5,1.2,Clear,0,34.39,Moderate,15
19-04-2026 00:20,Ambaji,5,40.28,32.22,0,4,1.36,Clear,0,34.67,Moderate,17
19-04-2026 00:21,Ambaji,5,39.18,31.34,0,5,0.78,Clear,0,27.82,Safe,11
19-04-2026 00:22,Ambaji,5,43.41,34.73,0,3,1.38,Clear,0,34.19,Moderate,16
19-04-2026 00:23,Ambaji,5,37.82,30.26,0,3,1.13,Clear,0,29.42,Safe,16
19-04-2026 00:24,Ambaji,5,32.86,26.29,0,4,1.22,Clear,0,31.02,Moderate,15
19-04-2026 00:25,Ambaji,5,36.47,29.18,0,5,1.03,Clear,0,30.73,Moderate,16
19-04-2026 00:26,Ambaji,5,34.96,27.97,0,3,1.47,Clear,0,33.5,Moderate,17
19-04-2026 00:27,Ambaji,5,38.91,31.12,0,5,1.3,Clear,0,35.01,Moderate,14
19-04-2026 00:28,Ambaji,5,40.0,32.0,0,2,1.29,Clear,0,30.71,Moderate,14
19-04-2026 00:29,Ambaji,5,30.37,24.3,0,4,1.48,Clear,0,34.05,Moderate,15
19-04-2026 00:30,Ambaji,5,35.8,28.64,0,3,1.11,Clear,0,28.65,Safe,10
19-04-2026 00:31,Ambaji,5,40.23,32.18,0,3,1.08,Clear,0,29.3,Safe,13
19-04-2026 00:32,Ambaji,5,45.92,36.74,0,3,1.24,Clear,0,32.82,Moderate,17
19-04-2026 00:33,Ambaji,5,35.59,28.47,0,4,1.05,Clear,0,29.29,Safe,15
19-04-2026 00:34,Ambaji,5,44.56,35.65,0,2,1.01,Clear,0,27.79,Safe,13
19-04-2026 00:35,Ambaji,5,45.32,36.25,0,5,1.37,Clear,0,37.56,Moderate,18
19-04-2026 00:36,Ambaji,5,45.68,36.55,0,4,1.05,Clear,0,31.63,Moderate,14
19-04-2026 00:37,Ambaji,5,41.36,33.09,0,5,0.95,Clear,0,30.68,Moderate,20
19-04-2026 00:38,Ambaji,5,37.93,30.34,0,3,1.04,Clear,0,28.15,Safe,12
19-04-2026 00:39,Ambaji,5,35.35,28.28,0,5,1.2,Clear,0,32.76,Moderate,16
19-04-2026 00:40,Ambaji,5,37.5,30.0,0,3,0.87,Clear,0,25.71,Safe,16
19-04-2026 00:41,Ambaji,5,46.53,37.22,0,4,1.38,Clear,0,36.45,Moderate,18
19-04-2026 00:42,Ambaji,5,41.62,33.3,0,3,1.0,Clear,0,28.53,Safe,13
19-04-2026 00:43,Ambaji,5,46.44,37.15,0,4,1.44,Clear,0,37.25,Moderate,20
19-04-2026 00:44,Ambaji,5,35.65,28.52,0,2,1.34,Clear,0,30.28,Moderate,16
19-04-2026 00:45,Ambaji,5,41.23,32.99,0,2,1.4,Clear,0,32.52,Moderate,14
19-04-2026 00:46,Ambaji,5,35.01,28.01,0,4,1.31,Clear,0,32.74,Moderate,14
19-04-2026 00:47,Ambaji,5,23.1,18.48,0,4,1.47,Clear,0,32.17,Moderate,16
19-04-2026 00:48,Ambaji,5,45.64,36.51,0,3,1.6,Clear,0,37.85,Moderate,17
19-04-2026 00:49,Ambaji,5,38.9,31.12,0,4,1.39,Clear,0,34.78,Moderate,18
19-04-2026 00:50,Ambaji,5,42.77,34.22,0,4,1.22,Clear,0,33.33,Moderate,16
19-04-2026 00:51,Ambaji,5,43.59,34.87,0,3,1.25,Clear,0,32.39,Moderate,14
19-04-2026 00:52,Ambaji,5,36.99,29.59,0,4,1.3,Clear,0,33.14,Moderate,17
19-04-2026 00:53,Ambaji,5,40.59,32.47,0,4,1.32,Clear,0,34.2,Moderate,19
19-04-2026 00:54,Ambaji,5,36.39,29.11,0,3,1.43,Clear,0,33.31,Moderate,16
19-04-2026 00:55,Ambaji,5,39.47,31.57,0,2,0.99,Clear,0,26.3,Safe,12
19-04-2026 00:56,Ambaji,5,40.8,32.64,0,3,0.84,Clear,0,26.06,Safe,9
19-04-2026 00:57,Ambaji,5,49.78,39.82,0,4,1.29,Clear,0,35.95,Moderate,15
19-04-2026 00:58,Ambaji,5,36.38,29.1,0,2,0.91,Clear,0,24.52,Safe,12
19-04-2026 00:59,Ambaji,5,33.54,26.83,0,5,1.53,Clear,0,36.97,Moderate,20
19-04-2026 01:00,Ambaji,5,38.85,31.08,0,4,1.36,Clear,0,34.41,Moderate,22
19-04-2026 01:01,Ambaji,5,42.47,33.98,0,4,1.24,Clear,0,33.62,Moderate,16
19-04-2026 01:02,Ambaji,5,38.5,30.8,0,3,1.4,Clear,0,33.37,Moderate,16
19-04-2026 01:03,Ambaji,5,39.83,31.87,0,3,1.27,Clear,0,31.82,Moderate,12
19-04-2026 01:04,Ambaji,5,38.21,30.57,0,4,0.88,Clear,0,27.55,Safe,12
19-04-2026 01:05,Ambaji,5,43.69,34.95,0,3,1.63,Clear,0,37.74,Moderate,19
19-04-2026 01:06,Ambaji,5,42.55,34.04,0,2,0.88,Clear,0,25.54,Safe,15
19-04-2026 01:07,Ambaji,5,39.18,31.35,0,4,1.03,Clear,0,29.88,Safe,15
19-04-2026 01:08,Ambaji,5,42.02,33.61,0,2,1.25,Clear,0,30.59,Moderate,17
19-04-2026 01:09,Ambaji,5,45.5,36.4,0,5,1.18,Clear,0,34.93,Moderate,19
19-04-2026 01:10,Ambaji,5,38.71,30.96,0,2,1.04,Clear,0,26.87,Safe,12
19-04-2026 01:11,Ambaji,5,34.07,27.26,0,2,1.35,Clear,0,30.02,Moderate,14
19-04-2026 01:12,Ambaji,5,40.63,32.5,0,2,0.97,Clear,0,26.38,Safe,15
19-04-2026 01:13,Ambaji,5,44.63,35.7,0,2,1.54,Clear,0,35.3,Moderate,19
19-04-2026 01:14,Ambaji,5,36.39,29.11,0,2,0.97,Clear,0,25.27,Safe,9
19-04-2026 01:15,Ambaji,5,41.41,33.12,0,4,1.08,Clear,0,31.08,Moderate,18
19-04-2026 01:16,Ambaji,5,54.41,43.53,0,2,1.06,Clear,0,30.9,Moderate,11
19-04-2026 01:17,Ambaji,5,41.11,32.89,0,2,1.14,Clear,0,28.81,Safe,11
19-04-2026 01:18,Ambaji,5,35.15,28.12,0,5,1.49,Clear,0,36.77,Moderate,18
19-04-2026 01:19,Ambaji,5,38.31,30.65,0,4,0.95,Clear,0,28.56,Safe,16
19-04-2026 01:20,Ambaji,5,43.71,34.97,0,2,1.61,Clear,0,36.0,Moderate,19
19-04-2026 01:21,Ambaji,5,34.28,27.43,0,2,1.49,Clear,0,32.1,Moderate,20
19-04-2026 01:22,Ambaji,5,39.97,31.98,0,4,1.12,Clear,0,31.33,Moderate,18
19-04-2026 01:23,Ambaji,5,42.98,34.39,0,2,0.79,Clear,0,24.37,Safe,10
19-04-2026 01:24,Ambaji,5,47.04,37.63,0,3,1.63,Clear,0,38.56,Moderate,20
19-04-2026 01:25,Ambaji,5,42.65,34.12,0,5,1.0,Clear,0,31.74,Moderate,17
19-04-2026 01:26,Ambaji,5,39.07,31.26,0,4,1.21,Clear,0,32.27,Moderate,19
19-04-2026 01:27,Ambaji,5,41.59,33.27,0,3,1.41,Clear,0,34.15,Moderate,16
19-04-2026 01:28,Ambaji,5,40.82,32.65,0,5,1.19,Clear,0,33.92,Moderate,16
19-04-2026 01:29,Ambaji,5,40.94,32.75,0,2,1.28,Clear,0,30.77,Moderate,19
19-04-2026 01:30,Ambaji,5,44.76,35.81,0,5,1.38,Clear,0,37.53,Moderate,17
19-04-2026 01:31,Ambaji,5,32.44,25.95,0,5,1.53,Clear,0,36.75,Moderate,17
19-04-2026 01:32,Ambaji,5,37.38,29.9,0,5,1.1,Clear,0,31.83,Moderate,15
19-04-2026 01:33,Ambaji,5,38.35,30.68,0,3,1.23,Clear,0,30.87,Moderate,15
19-04-2026 01:34,Ambaji,5,51.86,41.49,0,2,1.52,Clear,0,36.78,Moderate,18
19-04-2026 01:35,Ambaji,5,41.24,32.99,0,3,1.15,Clear,0,30.5,Moderate,14
19-04-2026 01:36,Ambaji,5,38.76,31.01,0,5,1.14,Clear,0,32.73,Moderate,16
19-04-2026 01:37,Ambaji,5,37.25,29.8,0,4,1.37,Clear,0,34.13,Moderate,18
19-04-2026 01:38,Ambaji,5,46.01,36.81,0,3,1.41,Clear,0,35.35,Moderate,19
19-04-2026 01:39,Ambaji,5,46.72,37.38,0,5,0.77,Clear,0,29.5,Safe,15
19-04-2026 01:40,Ambaji,5,46.58,37.26,0,4,1.24,Clear,0,34.55,Moderate,11
19-04-2026 01:41,Ambaji,5,44.28,35.43,0,8,1.0,Heat,0,36.62,Moderate,17
19-04-2026 01:42,Ambaji,5,74.96,59.97,0,8,1.34,Heat,0,48.76,Moderate,24
19-04-2026 01:43,Ambaji,5,49.11,39.29,0,5,1.25,Heat,0,36.72,Moderate,18
19-04-2026 01:44,Ambaji,5,37.34,29.87,0,9,1.43,Heat,0,42.53,Moderate,21
19-04-2026 01:45,Ambaji,5,53.48,42.78,0,9,1.08,Heat,0,41.4,Moderate,20
19-04-2026 01:46,Ambaji,5,39.09,31.27,0,10,1.13,Heat,0,40.16,Moderate,20
19-04-2026 01:47,Ambaji,5,48.89,39.12,0,5,0.69,Heat,0,28.91,Safe,12
19-04-2026 01:48,Ambaji,5,64.68,51.75,0,7,1.86,Heat,0,52.05,Moderate,31
19-04-2026 01:49,Ambaji,5,51.22,40.98,0,9,1.75,Heat,0,50.3,Moderate,24
19-04-2026 01:50,Ambaji,5,66.64,53.31,0,7,1.56,Heat,0,48.36,Moderate,26
19-04-2026 01:51,Ambaji,5,53.65,42.92,0,7,1.55,Heat,0,45.12,Moderate,20
19-04-2026 01:52,Ambaji,5,63.77,51.02,0,9,1.65,Heat,0,51.87,Moderate,31
19-04-2026 01:53,Ambaji,5,36.34,29.07,0,9,1.01,Heat,0,36.34,Moderate,19
19-04-2026 01:54,Ambaji,5,47.08,37.66,0,11,1.67,Heat,0,51.21,Moderate,23
19-04-2026 01:55,Ambaji,5,62.61,50.09,0,10,1.03,Heat,0,44.43,Moderate,22
19-04-2026 01:56,Ambaji,5,44.64,35.71,0,5,1.53,Heat,0,39.69,Moderate,19
19-04-2026 01:57,Ambaji,5,58.16,46.53,0,11,1.12,Heat,0,46.11,Moderate,17
19-04-2026 01:58,Ambaji,5,39.78,31.82,0,8,1.49,Heat,0,42.36,Moderate,23
19-04-2026 01:59,Ambaji,5,47.97,38.38,0,5,1.32,Heat,0,37.49,Moderate,18
19-04-2026 02:00,Ambaji,5,50.55,40.44,0,10,1.43,Heat,0,47.11,Moderate,24
19-04-2026 02:01,Ambaji,5,61.5,49.2,0,9,1.15,Heat,0,44.38,Moderate,21
19-04-2026 02:02,Ambaji,5,48.85,39.08,0,8,1.09,Heat,0,39.03,Moderate,22
19-04-2026 02:03,Ambaji,5,51.89,41.51,0,10,1.78,Heat,0,52.37,Moderate,25
19-04-2026 02:04,Ambaji,5,63.66,50.93,0,5,2.13,Heat,0,52.59,Moderate,26
19-04-2026 02:05,Ambaji,5,58.07,46.46,0,8,1.87,Heat,0,52.06,Moderate,22
19-04-2026 02:06,Ambaji,5,79.61,63.69,0,10,1.47,Heat,0,54.65,Moderate,26
19-04-2026 02:07,Ambaji,5,67.89,54.31,0,6,1.49,Heat,0,46.16,Moderate,26
19-04-2026 02:08,Ambaji,5,69.44,55.55,0,8,1.62,Heat,0,51.28,Moderate,24
19-04-2026 02:09,Ambaji,5,66.67,53.34,0,6,1.79,Heat,0,50.07,Moderate,26
19-04-2026 02:10,Ambaji,5,88.95,71.16,0,5,1.49,Heat,0,49.74,Moderate,22
19-04-2026 02:11,Ambaji,5,70.75,56.6,0,5,1.91,Heat,0,51.17,Moderate,22
19-04-2026 02:12,Ambaji,5,81.61,65.29,0,5,1.46,Heat,0,47.53,Moderate,24
19-04-2026 02:13,Ambaji,5,76.02,60.82,0,6,2.02,Heat,0,55.55,Danger,27
19-04-2026 02:14,Ambaji,5,81.56,65.25,0,7,1.89,Heat,0,56.6,Danger,27
19-04-2026 02:15,Ambaji,5,63.82,51.06,0,6,1.75,Heat,0,48.79,Moderate,24
19-04-2026 02:16,Ambaji,5,89.35,71.48,0,11,1.42,Heat,0,57.78,Danger,29
19-04-2026 02:17,Ambaji,5,70.78,56.63,0,8,2.24,Heat,0,60.38,Danger,32
19-04-2026 02:18,Ambaji,5,68.41,54.73,0,5,1.49,Heat,0,44.81,Moderate,23
19-04-2026 02:19,Ambaji,5,69.44,55.55,0,11,1.96,Heat,0,60.54,Danger,29
19-04-2026 02:20,Ambaji,5,71.89,57.51,0,5,1.89,Heat,0,51.19,Moderate,24
19-04-2026 02:21,Ambaji,5,60.95,48.76,0,10,2.62,Heat,0,66.32,Danger,33
19-04-2026 02:22,Ambaji,5,88.46,70.77,0,10,1.85,Heat,0,62.17,Danger,30
19-04-2026 02:23,Ambaji,5,87.34,69.88,0,11,1.89,Heat,0,63.91,Danger,31
19-04-2026 02:24,Ambaji,5,92.7,74.16,0,7,1.81,Heat,0,58.11,Danger,29
19-04-2026 02:25,Ambaji,5,79.92,63.93,0,9,2.44,Heat,0,66.78,Danger,34
19-04-2026 02:26,Ambaji,5,90.38,72.3,0,10,1.51,Heat,0,57.81,Danger,30
19-04-2026 02:27,Ambaji,5,85.39,68.31,0,8,1.7,Heat,0,56.29,Danger,27
19-04-2026 02:28,Ambaji,5,108.21,86.57,0,7,2.24,Heat,0,67.8,Danger,37
19-04-2026 02:29,Ambaji,5,97.02,77.62,0,5,1.34,Heat,0,49.6,Moderate,24
19-04-2026 02:30,Ambaji,5,73.41,58.73,0,5,2.65,Heat,0,62.28,Danger,28
19-04-2026 02:31,Ambaji,5,95.68,76.54,0,5,2.1,Heat,0,59.83,Danger,26
19-04-2026 02:32,Ambaji,5,111.42,89.14,0,10,2.49,Heat,1,76.55,Critical,35
19-04-2026 02:33,Ambaji,5,80.36,64.29,0,6,1.9,Heat,1,54.91,Moderate,25
19-04-2026 02:34,Ambaji,5,107.02,85.62,0,11,2.15,Heat,1,72.28,Danger,37
19-04-2026 02:35,Ambaji,5,112.21,89.77,0,7,1.87,Heat,1,63.61,Danger,35
19-04-2026 02:36,Ambaji,5,101.61,81.29,0,9,1.93,Heat,1,64.93,Danger,32
19-04-2026 02:37,Ambaji,5,105.14,84.11,0,11,2.3,Heat,1,73.95,Danger,36
19-04-2026 02:38,Ambaji,5,101.56,81.25,0,11,2.21,Heat,1,71.88,Danger,37
19-04-2026 02:39,Ambaji,5,119.65,95.72,0,11,2.14,Heat,1,75.23,Critical,40
19-04-2026 02:40,Ambaji,5,82.17,65.73,0,8,2.69,Heat,1,69.42,Danger,36
19-04-2026 02:41,Ambaji,5,96.52,77.22,0,5,2.15,Heat,1,60.81,Danger,33
19-04-2026 02:42,Ambaji,5,97.5,78.0,0,8,2.34,Heat,1,68.23,Danger,35
19-04-2026 02:43,Ambaji,5,98.61,78.89,0,10,2.2,Heat,1,69.5,Danger,35
19-04-2026 02:44,Ambaji,5,119.22,95.38,0,6,2.99,Heat,1,79.43,Critical,37
19-04-2026 02:45,Ambaji,5,104.61,83.69,0,11,2.37,Heat,1,74.77,Danger,34
19-04-2026 02:46,Ambaji,5,103.29,82.63,0,9,3.07,Heat,1,81.24,Critical,37
19-04-2026 02:47,Ambaji,5,129.2,103.36,0,9,2.56,Heat,1,80.3,Critical,39
19-04-2026 02:48,Ambaji,5,97.31,77.85,0,10,2.31,Heat,1,70.63,Danger,36
19-04-2026 02:49,Ambaji,5,99.57,79.65,0,7,2.66,Heat,1,71.61,Danger,32
19-04-2026 02:50,Ambaji,5,101.88,81.5,0,10,2.17,Heat,1,69.86,Danger,37
19-04-2026 02:51,Ambaji,5,93.87,75.1,0,6,2.6,Heat,1,67.9,Danger,32
19-04-2026 02:52,Ambaji,5,107.36,85.88,0,9,2.17,Heat,1,69.71,Danger,34
19-04-2026 02:53,Ambaji,5,106.13,84.9,0,10,3.28,Heat,1,86.41,Critical,43
19-04-2026 02:54,Ambaji,5,125.3,100.24,0,5,2.52,Heat,1,72.83,Danger,37
19-04-2026 02:55,Ambaji,5,113.55,90.84,0,6,2.43,Heat,1,70.22,Danger,37
19-04-2026 02:56,Ambaji,5,124.69,99.75,0,10,2.88,Heat,1,85.19,Critical,43
19-04-2026 02:57,Ambaji,5,115.85,92.68,0,11,2.42,Heat,1,78.16,Critical,39
19-04-2026 02:58,Ambaji,5,119.32,95.45,0,7,2.71,Heat,1,77.06,Critical,34
19-04-2026 02:59,Ambaji,5,123.36,98.69,0,7,3.04,Heat,1,82.66,Critical,38
19-04-2026 03:00,Ambaji,5,113.82,91.06,0,6,3.01,Heat,1,78.49,Critical,39
19-04-2026 03:01,Ambaji,5,133.31,106.65,0,9,2.95,Heat,1,86.85,Critical,46
19-04-2026 03:02,Ambaji,5,122.2,97.76,0,7,2.49,Heat,1,74.65,Danger,39
19-04-2026 03:03,Ambaji,5,135.25,108.2,0,6,3.05,Heat,1,84.22,Critical,46
19-04-2026 03:04,Ambaji,5,118.85,95.08,0,8,2.77,Heat,1,79.3,Critical,40
19-04-2026 03:05,Ambaji,5,126.72,101.37,0,5,2.95,Heat,1,79.17,Critical,40
19-04-2026 03:06,Ambaji,5,138.96,111.17,0,9,3.61,Heat,1,97.32,Critical,49
19-04-2026 03:07,Ambaji,5,131.52,105.21,0,6,2.89,Heat,1,81.01,Critical,38
19-04-2026 03:08,Ambaji,5,126.95,101.56,0,10,2.77,Heat,1,84.2,Critical,42
19-04-2026 03:09,Ambaji,5,145.35,116.28,0,7,2.97,Heat,1,87.02,Critical,42
19-04-2026 03:10,Ambaji,5,127.79,102.23,0,10,3.22,Heat,1,90.75,Critical,47
19-04-2026 03:11,Ambaji,5,121.77,97.41,0,6,2.83,Heat,1,77.9,Critical,41
19-04-2026 03:12,Ambaji,5,127.38,101.9,0,7,2.63,Heat,1,77.87,Critical,40
19-04-2026 03:13,Ambaji,5,119.35,95.48,0,11,3.42,Heat,1,93.06,Critical,43
19-04-2026 03:14,Ambaji,5,132.56,106.05,0,7,2.74,Heat,1,80.74,Critical,42
19-04-2026 03:15,Ambaji,5,134.42,107.54,0,9,2.97,Heat,1,87.3,Critical,47
19-04-2026 03:16,Ambaji,5,129.13,103.31,0,5,3.31,Heat,1,84.76,Critical,39
19-04-2026 03:17,Ambaji,5,135.51,108.41,0,6,3.19,Heat,1,86.13,Critical,43
19-04-2026 03:18,Ambaji,5,111.67,89.34,0,6,3.07,Heat,1,78.73,Critical,34
19-04-2026 03:19,Ambaji,5,136.77,109.42,0,9,3.25,Heat,1,91.89,Critical,47
19-04-2026 03:20,Ambaji,5,145.72,116.57,0,9,3.7,Heat,1,100.0,Critical,54
19-04-2026 03:21,Ambaji,5,150.48,120.39,1,15,2.58,Rain,1,94.77,Critical,45
19-04-2026 03:22,Ambaji,5,175.26,140.21,1,24,3.97,Rain,1,100.0,Critical,49
19-04-2026 03:23,Ambaji,5,126.84,101.47,1,18,2.78,Rain,1,96.38,Critical,47
19-04-2026 03:24,Ambaji,5,131.35,105.08,1,22,2.53,Rain,1,99.95,Critical,51
19-04-2026 03:25,Ambaji,5,161.97,129.57,1,23,3.12,Rain,1,100.0,Critical,48
19-04-2026 03:26,Ambaji,5,169.36,135.49,1,22,3.81,Rain,1,100.0,Critical,49
19-04-2026 03:27,Ambaji,5,165.68,132.55,1,18,3.9,Rain,1,100.0,Critical,52
19-04-2026 03:28,Ambaji,5,153.67,122.94,1,15,2.54,Rain,1,94.93,Critical,45
19-04-2026 03:29,Ambaji,5,147.22,117.77,1,22,3.34,Rain,1,100.0,Critical,51
19-04-2026 03:30,Ambaji,5,155.75,124.6,1,16,3.68,Rain,1,100.0,Critical,48
19-04-2026 03:31,Ambaji,5,146.92,117.54,1,23,3.05,Rain,1,100.0,Critical,49
19-04-2026 03:32,Ambaji,5,145.63,116.51,1,23,3.21,Rain,1,100.0,Critical,49
19-04-2026 03:33,Ambaji,5,164.41,131.53,1,15,3.87,Rain,1,100.0,Critical,50
19-04-2026 03:34,Ambaji,5,179.98,143.98,1,20,3.58,Rain,1,100.0,Critical,48
19-04-2026 03:35,Ambaji,5,148.79,119.03,1,21,3.71,Rain,1,100.0,Critical,50
19-04-2026 03:36,Ambaji,5,128.88,103.11,1,18,3.03,Rain,1,100.0,Critical,49
19-04-2026 03:37,Ambaji,5,164.74,131.79,1,16,3.55,Rain,1,100.0,Critical,50
19-04-2026 03:38,Ambaji,5,146.64,117.31,1,16,3.48,Rain,1,100.0,Critical,49
19-04-2026 03:39,Ambaji,5,156.4,125.12,1,16,3.7,Rain,1,100.0,Critical,50
19-04-2026 03:40,Ambaji,5,160.72,128.58,1,18,3.48,Rain,1,100.0,Critical,49
19-04-2026 03:41,Ambaji,5,116.82,93.46,1,23,3.77,Rain,1,100.0,Critical,50
19-04-2026 03:42,Ambaji,5,152.16,121.72,1,22,3.77,Rain,1,100.0,Critical,52
19-04-2026 03:43,Ambaji,5,167.78,134.22,1,21,3.27,Rain,1,100.0,Critical,51
19-04-2026 03:44,Ambaji,5,170.08,136.06,1,20,3.29,Rain,1,100.0,Critical,52
19-04-2026 03:45,Ambaji,5,160.81,128.65,1,23,3.56,Rain,1,100.0,Critical,46
19-04-2026 03:46,Ambaji,5,173.69,138.96,1,17,3.2,Rain,1,100.0,Critical,49
19-04-2026 03:47,Ambaji,5,162.21,129.77,1,20,3.89,Rain,1,100.0,Critical,53
19-04-2026 03:48,Ambaji,5,167.16,133.73,1,21,3.27,Rain,1,100.0,Critical,50
19-04-2026 03:49,Ambaji,5,167.49,133.99,1,24,4.39,Rain,1,100.0,Critical,50
19-04-2026 03:50,Ambaji,5,171.02,136.81,1,15,4.05,Rain,1,100.0,Critical,51
19-04-2026 03:51,Ambaji,5,184.33,147.46,1,15,3.72,Rain,1,100.0,Critical,49
19-04-2026 03:52,Ambaji,5,203.91,163.13,1,19,3.44,Rain,1,100.0,Critical,48
19-04-2026 03:53,Ambaji,5,175.65,140.52,1,18,3.68,Rain,1,100.0,Critical,47
19-04-2026 03:54,Ambaji,5,191.57,153.25,1,24,3.56,Rain,1,100.0,Critical,50
19-04-2026 03:55,Ambaji,5,167.82,134.26,1,20,4.07,Rain,1,100.0,Critical,48
19-04-2026 03:56,Ambaji,5,175.14,140.11,1,24,4.03,Rain,1,100.0,Critical,54
19-04-2026 03:57,Ambaji,5,191.6,153.28,1,23,3.4,Rain,1,100.0,Critical,44
19-04-2026 03:58,Ambaji,5,197.34,157.87,1,24,3.57,Rain,1,100.0,Critical,49
19-04-2026 03:59,Ambaji,5,215.79,172.63,1,15,3.95,Rain,1,100.0,Critical,48
19-04-2026 04:00,Ambaji,5,166.52,133.21,1,24,4.28,Rain,1,100.0,Critical,48
19-04-2026 04:01,Ambaji,5,197.4,157.92,1,17,4.53,Rain,1,100.0,Critical,49
19-04-2026 04:02,Ambaji,5,163.26,130.61,1,21,4.32,Rain,1,100.0,Critical,50
19-04-2026 04:03,Ambaji,5,189.79,151.84,1,20,3.36,Rain,1,100.0,Critical,49
19-04-2026 04:04,Ambaji,5,213.01,170.41,1,15,4.94,Rain,1,100.0,Critical,50
19-04-2026 04:05,Ambaji,5,209.33,167.46,1,24,4.52,Rain,1,100.0,Critical,49
19-04-2026 04:06,Ambaji,5,198.0,158.4,1,21,4.46,Rain,1,100.0,Critical,50
19-04-2026 04:07,Ambaji,5,196.66,157.33,1,18,4.71,Rain,1,100.0,Critical,52
19-04-2026 04:08,Ambaji,5,183.96,147.17,1,17,4.29,Rain,1,100.0,Critical,53
19-04-2026 04:09,Ambaji,5,210.82,168.65,1,22,3.69,Rain,1,100.0,Critical,50
19-04-2026 04:10,Ambaji,5,219.27,175.42,1,22,4.12,Rain,1,100.0,Critical,48
19-04-2026 04:11,Ambaji,5,209.76,167.81,1,23,4.45,Rain,1,100.0,Critical,51
19-04-2026 04:12,Ambaji,5,185.9,148.72,1,16,3.69,Rain,1,100.0,Critical,47
19-04-2026 04:13,Ambaji,5,189.72,151.77,1,16,4.74,Rain,1,100.0,Critical,49
19-04-2026 04:14,Ambaji,5,199.97,159.97,1,24,4.25,Rain,1,100.0,Critical,54
19-04-2026 04:15,Ambaji,5,178.6,142.88,1,18,4.44,Rain,1,100.0,Critical,50
19-04-2026 04:16,Ambaji,5,189.02,151.21,1,20,3.91,Rain,1,100.0,Critical,48
19-04-2026 04:17,Ambaji,5,185.61,148.49,1,24,4.37,Rain,1,100.0,Critical,51
19-04-2026 04:18,Ambaji,5,182.44,145.96,1,24,4.78,Rain,1,100.0,Critical,50
19-04-2026 04:19,Ambaji,5,212.84,170.27,1,23,4.25,Rain,1,100.0,Critical,51
19-04-2026 04:20,Ambaji,5,202.11,161.69,1,15,4.24,Rain,1,100.0,Critical,50
19-04-2026 04:21,Ambaji,5,225.63,180.51,1,19,5.07,Rain,1,100.0,Critical,51
19-04-2026 04:22,Ambaji,5,217.87,174.3,1,23,4.37,Rain,1,100.0,Critical,50
19-04-2026 04:23,Ambaji,5,221.1,176.88,1,22,5.23,Rain,1,100.0,Critical,50
19-04-2026 04:24,Ambaji,5,209.67,167.74,1,24,4.71,Rain,1,100.0,Critical,49
19-04-2026 04:25,Ambaji,5,227.77,182.22,1,18,4.68,Rain,1,100.0,Critical,50
19-04-2026 04:26,Ambaji,5,212.86,170.29,1,17,5.14,Rain,1,100.0,Critical,46
19-04-2026 04:27,Ambaji,5,208.45,166.76,1,21,4.46,Rain,1,100.0,Critical,48
19-04-2026 04:28,Ambaji,5,191.49,153.19,1,19,4.46,Rain,1,100.0,Critical,53
19-04-2026 04:29,Ambaji,5,266.24,212.99,1,21,4.06,Rain,1,100.0,Critical,48
19-04-2026 04:30,Ambaji,5,206.73,165.39,1,16,4.65,Rain,1,100.0,Critical,47
19-04-2026 04:31,Ambaji,5,206.07,164.86,1,22,4.97,Rain,1,100.0,Critical,52
19-04-2026 04:32,Ambaji,5,229.91,183.93,1,24,4.65,Rain,1,100.0,Critical,50
19-04-2026 04:33,Ambaji,5,208.07,166.46,1,20,4.69,Rain,1,100.0,Critical,48
19-04-2026 04:34,Ambaji,5,224.65,179.72,1,20,4.62,Rain,1,100.0,Critical,47
19-04-2026 04:35,Ambaji,5,221.87,177.5,1,15,4.43,Rain,1,100.0,Critical,54
19-04-2026 04:36,Ambaji,5,186.32,149.05,1,15,4.69,Rain,1,100.0,Critical,51
19-04-2026 04:37,Ambaji,5,249.97,199.98,1,18,4.8,Rain,1,100.0,Critical,50
19-04-2026 04:38,Ambaji,5,217.27,173.82,1,21,6.05,Rain,1,100.0,Critical,50
19-04-2026 04:39,Ambaji,5,216.59,173.27,1,24,6.09,Rain,1,100.0,Critical,52
19-04-2026 04:40,Ambaji,5,233.05,186.44,1,20,5.4,Rain,1,100.0,Critical,50
19-04-2026 04:41,Ambaji,5,236.55,189.24,1,18,5.38,Rain,1,100.0,Critical,50
19-04-2026 04:42,Ambaji,5,222.26,177.81,1,24,5.5,Rain,1,100.0,Critical,53
19-04-2026 04:43,Ambaji,5,202.3,161.84,1,24,5.88,Rain,1,100.0,Critical,50
19-04-2026 04:44,Ambaji,5,233.28,186.62,1,19,5.71,Rain,1,100.0,Critical,53
19-04-2026 04:45,Ambaji,5,240.12,192.1,1,19,5.09,Rain,1,100.0,Critical,49
19-04-2026 04:46,Ambaji,5,249.08,199.26,1,22,5.55,Rain,1,100.0,Critical,49
19-04-2026 04:47,Ambaji,5,234.67,187.74,1,21,4.99,Rain,1,100.0,Critical,50
19-04-2026 04:48,Ambaji,5,252.87,202.3,1,18,5.13,Rain,1,100.0,Critical,52
19-04-2026 04:49,Ambaji,5,243.87,195.1,1,16,5.72,Rain,1,100.0,Critical,51
19-04-2026 04:50,Ambaji,5,251.61,201.29,1,22,5.15,Rain,1,100.0,Critical,47
19-04-2026 04:51,Ambaji,5,225.66,180.53,1,22,5.27,Rain,1,100.0,Critical,46
19-04-2026 04:52,Ambaji,5,238.44,190.76,1,18,5.49,Rain,1,100.0,Critical,48
19-04-2026 04:53,Ambaji,5,232.16,185.73,1,22,5.39,Rain,1,100.0,Critical,51
19-04-2026 04:54,Ambaji,5,249.84,199.87,1,18,5.83,Rain,1,100.0,Critical,50
19-04-2026 04:55,Ambaji,5,228.18,182.55,1,21,5.6,Rain,1,100.0,Critical,44
19-04-2026 04:56,Ambaji,5,231.77,185.42,1,17,5.43,Rain,1,100.0,Critical,48
19-04-2026 04:57,Ambaji,5,244.83,195.86,1,23,6.25,Rain,1,100.0,Critical,49
19-04-2026 04:58,Ambaji,5,265.79,212.63,1,24,5.14,Rain,1,100.0,Critical,50
19-04-2026 04:59,Ambaji,5,255.76,204.61,1,23,6.1,Rain,1,100.0,Critical,54
19-04-2026 05:00,Ambaji,5,235.47,188.38,1,17,5.67,Rain,1,100.0,Critical,52
19-04-2026 05:01,Ambaji,5,241.07,192.85,0,20,5.5,Clear,0,100.0,Critical,51
19-04-2026 05:02,Ambaji,5,262.24,209.79,0,20,5.8,Clear,0,100.0,Critical,48
19-04-2026 05:03,Ambaji,5,248.34,198.67,0,20,5.95,Clear,0,100.0,Critical,45
19-04-2026 05:04,Ambaji,5,266.74,213.39,0,20,6.13,Clear,0,100.0,Critical,46
19-04-2026 05:05,Ambaji,5,248.34,198.67,0,20,5.5,Clear,0,100.0,Critical,48
19-04-2026 05:06,Ambaji,5,245.04,196.03,0,20,6.12,Clear,0,100.0,Critical,50
19-04-2026 05:07,Ambaji,5,261.2,208.96,0,20,5.58,Clear,0,100.0,Critical,50
19-04-2026 05:08,Ambaji,5,264.87,211.9,0,20,5.35,Clear,0,100.0,Critical,51
19-04-2026 05:09,Ambaji,5,251.18,200.94,0,20,5.23,Clear,0,100.0,Critical,49
19-04-2026 05:10,Ambaji,5,254.69,203.75,0,20,5.06,Clear,0,100.0,Critical,50
19-04-2026 05:11,Ambaji,5,250.46,200.37,0,20,5.64,Clear,0,100.0,Critical,51
19-04-2026 05:12,Ambaji,5,260.81,208.65,0,20,5.69,Clear,0,100.0,Critical,49
19-04-2026 05:13,Ambaji,5,239.93,191.95,0,19,5.68,Clear,0,100.0,Critical,52
19-04-2026 05:14,Ambaji,5,262.66,210.13,0,19,4.79,Clear,0,100.0,Critical,50
19-04-2026 05:15,Ambaji,5,225.31,180.25,0,19,5.78,Clear,0,100.0,Critical,49
19-04-2026 05:16,Ambaji,5,231.76,185.41,0,19,5.64,Clear,0,100.0,Critical,50
19-04-2026 05:17,Ambaji,5,246.31,197.05,0,19,5.31,Clear,0,100.0,Critical,50
19-04-2026 05:18,Ambaji,5,249.07,199.25,0,19,5.3,Clear,0,100.0,Critical,46
19-04-2026 05:19,Ambaji,5,230.38,184.3,0,19,5.67,Clear,0,100.0,Critical,48
19-04-2026 05:20,Ambaji,5,229.87,183.89,0,19,5.57,Clear,0,100.0,Critical,52
19-04-2026 05:21,Ambaji,5,238.23,190.58,0,19,5.47,Clear,0,100.0,Critical,51
19-04-2026 05:22,Ambaji,5,246.01,196.81,0,19,5.43,Clear,0,100.0,Critical,52
19-04-2026 05:23,Ambaji,5,229.31,183.45,0,19,5.27,Clear,0,100.0,Critical,49
19-04-2026 05:24,Ambaji,5,222.3,177.84,0,18,5.15,Clear,0,100.0,Critical,47
19-04-2026 05:25,Ambaji,5,231.83,185.46,0,18,5.0,Clear,0,100.0,Critical,52
19-04-2026 05:26,Ambaji,5,218.77,175.02,0,18,5.13,Clear,0,100.0,Critical,49
19-04-2026 05:27,Ambaji,5,243.56,194.85,0,18,5.2,Clear,0,100.0,Critical,50
19-04-2026 05:28,Ambaji,5,246.07,196.85,0,18,5.09,Clear,0,100.0,Critical,49
19-04-2026 05:29,Ambaji,5,222.06,177.65,0,18,5.44,Clear,0,100.0,Critical,48
19-04-2026 05:30,Ambaji,5,220.32,176.26,0,18,5.5,Clear,0,100.0,Critical,46
19-04-2026 05:31,Ambaji,5,224.26,179.41,0,18,4.85,Clear,0,100.0,Critical,49
19-04-2026 05:32,Ambaji,5,232.96,186.37,0,18,4.94,Clear,0,100.0,Critical,49
19-04-2026 05:33,Ambaji,5,247.51,198.01,0,18,4.97,Clear,0,100.0,Critical,50
19-04-2026 05:34,Ambaji,5,228.88,183.1,0,18,4.96,Clear,0,100.0,Critical,49
19-04-2026 05:35,Ambaji,5,229.48,183.58,0,17,4.58,Clear,0,100.0,Critical,50
19-04-2026 05:36,Ambaji,5,219.03,175.22,0,17,4.69,Clear,0,100.0,Critical,50
19-04-2026 05:37,Ambaji,5,220.71,176.57,0,17,4.69,Clear,0,100.0,Critical,50
19-04-2026 05:38,Ambaji,5,221.82,177.45,0,17,4.74,Clear,0,100.0,Critical,47
19-04-2026 05:39,Ambaji,5,220.83,176.66,0,17,4.55,Clear,0,100.0,Critical,50
19-04-2026 05:40,Ambaji,5,210.91,168.73,0,17,4.55,Clear,0,100.0,Critical,50
19-04-2026 05:41,Ambaji,5,213.45,170.76,0,17,4.07,Clear,0,100.0,Critical,48
19-04-2026 05:42,Ambaji,5,215.33,172.26,0,17,4.43,Clear,0,100.0,Critical,48
19-04-2026 05:43,Ambaji,5,214.85,171.88,0,17,4.63,Clear,0,100.0,Critical,49
19-04-2026 05:44,Ambaji,5,214.18,171.35,0,17,5.2,Clear,0,100.0,Critical,53
19-04-2026 05:45,Ambaji,5,225.74,180.59,0,17,4.28,Clear,0,100.0,Critical,49
19-04-2026 05:46,Ambaji,5,217.56,174.05,0,16,5.24,Clear,0,100.0,Critical,45
19-04-2026 05:47,Ambaji,5,212.23,169.78,0,16,4.38,Clear,0,100.0,Critical,50
19-04-2026 05:48,Ambaji,5,199.16,159.33,0,16,4.39,Clear,0,100.0,Critical,45
19-04-2026 05:49,Ambaji,5,234.55,187.64,0,16,4.48,Clear,0,100.0,Critical,53
19-04-2026 05:50,Ambaji,5,185.66,148.53,0,16,4.55,Clear,0,100.0,Critical,48
19-04-2026 05:51,Ambaji,5,195.65,156.52,0,16,4.5,Clear,0,100.0,Critical,49
19-04-2026 05:52,Ambaji,5,200.01,160.01,0,16,4.13,Clear,0,100.0,Critical,53
19-04-2026 05:53,Ambaji,5,207.82,166.26,0,16,4.43,Clear,0,100.0,Critical,47
19-04-2026 05:54,Ambaji,5,186.15,148.92,0,16,4.58,Clear,0,100.0,Critical,49
19-04-2026 05:55,Ambaji,5,190.44,152.35,0,16,3.87,Clear,0,100.0,Critical,49
19-04-2026 05:56,Ambaji,5,180.34,144.28,0,16,4.24,Clear,0,100.0,Critical,50
19-04-2026 05:57,Ambaji,5,189.06,151.25,0,15,4.59,Clear,0,100.0,Critical,45
19-04-2026 05:58,Ambaji,5,206.79,165.43,0,15,4.59,Clear,0,100.0,Critical,49
19-04-2026 05:59,Ambaji,5,173.66,138.93,0,15,4.22,Clear,0,100.0,Critical,49
19-04-2026 06:00,Ambaji,5,206.08,164.86,0,15,4.03,Clear,0,100.0,Critical,48
19-04-2026 06:01,Ambaji,5,195.94,156.75,0,15,4.25,Clear,0,100.0,Critical,48
19-04-2026 06:02,Ambaji,5,178.68,142.94,0,15,4.4,Clear,0,100.0,Critical,49
19-04-2026 06:03,Ambaji,5,182.24,145.79,0,15,4.53,Clear,0,100.0,Critical,47
19-04-2026 06:04,Ambaji,5,198.85,159.08,0,15,3.95,Clear,0,100.0,Critical,48
19-04-2026 06:05,Ambaji,5,175.38,140.3,0,15,4.63,Clear,0,100.0,Critical,51
19-04-2026 06:06,Ambaji,5,176.78,141.43,0,15,4.45,Clear,0,100.0,Critical,46
19-04-2026 06:07,Ambaji,5,181.57,145.25,0,15,4.4,Clear,0,100.0,Critical,52
19-04-2026 06:08,Ambaji,5,186.15,148.92,0,14,3.97,Clear,0,100.0,Critical,49
19-04-2026 06:09,Ambaji,5,160.64,128.51,0,14,3.55,Clear,0,100.0,Critical,45
19-04-2026 06:10,Ambaji,5,174.9,139.92,0,14,4.21,Clear,0,100.0,Critical,47
19-04-2026 06:11,Ambaji,5,172.48,137.99,0,14,3.68,Clear,0,100.0,Critical,47
19-04-2026 06:12,Ambaji,5,182.68,146.14,0,14,4.11,Clear,0,100.0,Critical,48
19-04-2026 06:13,Ambaji,5,174.83,139.86,0,14,4.53,Clear,0,100.0,Critical,49
19-04-2026 06:14,Ambaji,5,162.82,130.26,0,14,4.57,Clear,0,100.0,Critical,45
19-04-2026 06:15,Ambaji,5,183.64,146.91,0,14,4.03,Clear,0,100.0,Critical,49
19-04-2026 06:16,Ambaji,5,200.14,160.12,0,14,3.82,Clear,0,100.0,Critical,51
19-04-2026 06:17,Ambaji,5,170.87,136.7,0,14,3.49,Clear,0,100.0,Critical,52
19-04-2026 06:18,Ambaji,5,171.95,137.56,0,14,3.66,Clear,0,100.0,Critical,55
19-04-2026 06:19,Ambaji,5,161.36,129.09,0,13,3.99,Clear,0,100.0,Critical,50
19-04-2026 06:20,Ambaji,5,177.66,142.13,0,13,3.74,Clear,0,100.0,Critical,50
19-04-2026 06:21,Ambaji,5,174.59,139.67,0,13,3.97,Clear,0,100.0,Critical,52
19-04-2026 06:22,Ambaji,5,157.54,126.03,0,13,3.66,Clear,0,100.0,Critical,53
19-04-2026 06:23,Ambaji,5,172.6,138.08,0,13,3.95,Clear,0,100.0,Critical,49
19-04-2026 06:24,Ambaji,5,169.99,135.99,0,13,3.17,Clear,0,100.0,Critical,47
19-04-2026 06:25,Ambaji,5,168.74,134.99,0,13,3.41,Clear,0,100.0,Critical,52
19-04-2026 06:26,Ambaji,5,163.14,130.51,0,13,3.88,Clear,0,100.0,Critical,51
19-04-2026 06:27,Ambaji,5,159.45,127.56,0,13,3.83,Clear,0,100.0,Critical,50
19-04-2026 06:28,Ambaji,5,166.72,133.38,0,13,4.25,Clear,0,100.0,Critical,48
19-04-2026 06:29,Ambaji,5,141.54,113.23,0,13,3.63,Clear,0,100.0,Critical,49
19-04-2026 06:30,Ambaji,5,171.53,137.22,0,12,3.43,Clear,0,100.0,Critical,50
19-04-2026 06:31,Ambaji,5,156.8,125.44,0,12,3.55,Clear,0,100.0,Critical,53
19-04-2026 06:32,Ambaji,5,145.93,116.75,0,12,3.3,Clear,0,99.21,Critical,47
19-04-2026 06:33,Ambaji,5,160.49,128.39,0,12,3.29,Clear,0,100.0,Critical,50
19-04-2026 06:34,Ambaji,5,152.21,121.77,0,12,3.28,Clear,0,100.0,Critical,47
19-04-2026 06:35,Ambaji,5,163.45,130.76,0,12,3.3,Clear,0,100.0,Critical,51
19-04-2026 06:36,Ambaji,5,159.22,127.37,0,12,3.99,Clear,0,100.0,Critical,46
19-04-2026 06:37,Ambaji,5,161.31,129.04,0,12,3.74,Clear,0,100.0,Critical,47
19-04-2026 06:38,Ambaji,5,162.15,129.72,0,12,3.02,Clear,0,99.16,Critical,52
19-04-2026 06:39,Ambaji,5,168.31,134.65,0,12,3.28,Clear,0,100.0,Critical,48
19-04-2026 06:40,Ambaji,5,136.68,109.34,0,12,3.27,Clear,0,96.61,Critical,48
19-04-2026 06:41,Ambaji,5,137.49,109.99,0,11,3.82,Clear,0,100.0,Critical,52
19-04-2026 06:42,Ambaji,5,150.17,120.13,0,11,3.37,Clear,0,99.69,Critical,49
19-04-2026 06:43,Ambaji,5,155.58,124.47,0,11,2.87,Clear,0,94.08,Critical,49
19-04-2026 06:44,Ambaji,5,128.66,102.93,0,11,3.43,Clear,0,95.34,Critical,46
19-04-2026 06:45,Ambaji,5,155.07,124.06,0,11,3.16,Clear,0,97.92,Critical,51
19-04-2026 06:46,Ambaji,5,139.68,111.75,0,11,3.31,Clear,0,96.33,Critical,47
19-04-2026 06:47,Ambaji,5,137.26,109.81,0,11,3.43,Clear,0,97.41,Critical,48
19-04-2026 06:48,Ambaji,5,126.42,101.14,0,11,2.69,Clear,0,84.55,Critical,42
19-04-2026 06:49,Ambaji,5,137.59,110.07,0,11,3.34,Clear,0,96.3,Critical,52
19-04-2026 06:50,Ambaji,5,135.56,108.44,0,11,3.19,Clear,0,93.7,Critical,44
19-04-2026 06:51,Ambaji,5,130.9,104.72,0,11,3.66,Clear,0,99.13,Critical,46
19-04-2026 06:52,Ambaji,5,119.33,95.46,0,11,3.25,Clear,0,90.7,Critical,47
19-04-2026 06:53,Ambaji,5,123.74,98.99,0,10,3.51,Clear,0,93.82,Critical,49
19-04-2026 06:54,Ambaji,5,124.64,99.71,0,10,2.94,Clear,0,86.14,Critical,41
19-04-2026 06:55,Ambaji,5,149.13,119.31,0,10,3.14,Clear,0,94.74,Critical,51
19-04-2026 06:56,Ambaji,5,135.39,108.31,0,10,3.01,Clear,0,89.61,Critical,44
19-04-2026 06:57,Ambaji,5,118.43,94.74,0,10,2.62,Clear,0,80.04,Critical,40
19-04-2026 06:58,Ambaji,5,127.32,101.86,0,10,2.61,Clear,0,82.09,Critical,40
19-04-2026 06:59,Ambaji,5,114.93,91.94,0,10,3.41,Clear,0,90.33,Critical,49
19-04-2026 07:00,Ambaji,5,130.45,104.36,0,10,2.9,Clear,0,86.9,Critical,44
19-04-2026 07:01,Ambaji,5,118.26,94.61,0,10,2.26,Clear,0,75.06,Critical,37
19-04-2026 07:02,Ambaji,5,117.29,93.83,0,10,2.8,Clear,0,82.34,Critical,39
19-04-2026 07:03,Ambaji,5,122.03,97.63,0,10,2.53,Clear,0,79.67,Critical,39
19-04-2026 07:04,Ambaji,5,112.33,89.87,0,9,2.53,Clear,0,75.92,Critical,38
19-04-2026 07:05,Ambaji,5,101.71,81.36,0,9,2.62,Clear,0,74.53,Danger,36
19-04-2026 07:06,Ambaji,5,121.85,97.48,0,9,2.99,Clear,0,84.67,Critical,41
19-04-2026 07:07,Ambaji,5,121.45,97.16,0,9,2.11,Clear,0,72.21,Danger,36
19-04-2026 07:08,Ambaji,5,105.12,84.09,0,9,2.36,Clear,0,71.79,Danger,37
19-04-2026 07:09,Ambaji,5,123.82,99.06,0,9,2.8,Clear,0,82.46,Critical,40
19-04-2026 07:10,Ambaji,5,126.18,100.94,0,9,2.48,Clear,0,78.54,Critical,42
19-04-2026 07:11,Ambaji,5,115.67,92.53,0,9,2.6,Clear,0,77.7,Critical,39
19-04-2026 07:12,Ambaji,5,103.66,82.93,0,9,2.87,Clear,0,78.56,Critical,38
19-04-2026 07:13,Ambaji,5,126.63,101.3,0,9,2.59,Clear,0,80.15,Critical,40
19-04-2026 07:14,Ambaji,5,96.42,77.13,0,9,3.07,Clear,0,79.66,Critical,38
19-04-2026 07:15,Ambaji,5,113.04,90.44,0,8,2.59,Clear,0,75.43,Critical,42
19-04-2026 07:16,Ambaji,5,105.75,84.6,0,8,2.31,Clear,0,69.79,Danger,36
19-04-2026 07:17,Ambaji,5,88.58,70.86,0,8,2.32,Clear,0,65.71,Danger,32
19-04-2026 07:18,Ambaji,5,105.8,84.64,0,8,2.68,Clear,0,74.9,Danger,36
19-04-2026 07:19,Ambaji,5,101.22,80.97,0,8,2.93,Clear,0,77.36,Critical,39
19-04-2026 07:20,Ambaji,5,93.74,74.99,0,8,2.48,Clear,0,69.15,Danger,34
19-04-2026 07:21,Ambaji,5,98.2,78.56,0,8,2.34,Clear,0,68.34,Danger,33
19-04-2026 07:22,Ambaji,5,75.79,60.63,0,8,2.45,Clear,0,64.51,Danger,32
19-04-2026 07:23,Ambaji,5,88.49,70.79,0,8,3.01,Clear,0,75.42,Critical,41
19-04-2026 07:24,Ambaji,5,107.67,86.13,0,8,2.48,Clear,0,72.53,Danger,37
19-04-2026 07:25,Ambaji,5,89.66,71.73,0,8,2.2,Clear,0,64.3,Danger,30
19-04-2026 07:26,Ambaji,5,87.29,69.83,0,7,2.34,Clear,0,64.24,Danger,30
19-04-2026 07:27,Ambaji,5,104.92,83.93,0,7,2.38,Clear,0,68.94,Danger,36
19-04-2026 07:28,Ambaji,5,90.64,72.51,0,7,2.2,Clear,0,63.02,Danger,31
19-04-2026 07:29,Ambaji,5,93.69,74.95,0,7,2.7,Clear,0,70.86,Danger,35
19-04-2026 07:30,Ambaji,5,92.18,73.75,0,7,2.37,Clear,0,65.86,Danger,31
19-04-2026 07:31,Ambaji,5,85.25,68.2,0,7,2.16,Clear,0,61.25,Danger,29
19-04-2026 07:32,Ambaji,5,71.93,57.54,0,7,1.96,Clear,0,55.25,Danger,27
19-04-2026 07:33,Ambaji,5,96.64,77.31,0,7,2.07,Clear,0,62.68,Danger,32
19-04-2026 07:34,Ambaji,5,87.04,69.63,0,7,1.89,Clear,0,57.87,Danger,25
19-04-2026 07:35,Ambaji,5,82.94,66.35,0,7,2.22,Clear,0,61.54,Danger,29
19-04-2026 07:36,Ambaji,5,75.03,60.02,0,7,2.23,Clear,0,59.7,Danger,32
19-04-2026 07:37,Ambaji,5,72.8,58.24,0,6,1.38,Clear,0,45.75,Moderate,21
19-04-2026 07:38,Ambaji,5,74.76,59.8,0,6,1.98,Clear,0,54.67,Moderate,30
19-04-2026 07:39,Ambaji,5,60.2,48.16,0,6,2.17,Clear,0,53.81,Moderate,23
19-04-2026 07:40,Ambaji,5,75.35,60.28,0,6,1.93,Clear,0,54.09,Moderate,28
19-04-2026 07:41,Ambaji,5,71.33,57.06,0,6,1.61,Clear,0,48.67,Moderate,21
19-04-2026 07:42,Ambaji,5,64.11,51.29,0,6,1.6,Clear,0,46.77,Moderate,22
19-04-2026 07:43,Ambaji,5,79.6,63.68,0,6,1.56,Clear,0,49.95,Moderate,27
19-04-2026 07:44,Ambaji,5,59.66,47.73,0,6,2.25,Clear,0,54.8,Moderate,26
19-04-2026 07:45,Ambaji,5,62.02,49.62,0,6,1.54,Clear,0,45.42,Moderate,23
19-04-2026 07:46,Ambaji,5,53.67,42.94,0,6,2.26,Clear,0,53.54,Moderate,27
19-04-2026 07:47,Ambaji,5,70.27,56.22,0,6,1.24,Clear,0,43.19,Moderate,20
19-04-2026 07:48,Ambaji,5,81.47,65.17,0,5,1.17,Clear,0,43.49,Moderate,21
19-04-2026 07:49,Ambaji,5,63.49,50.8,0,5,1.66,Clear,0,45.97,Moderate,20
19-04-2026 07:50,Ambaji,5,66.22,52.98,0,5,1.79,Clear,0,48.5,Moderate,24
19-04-2026 07:51,Ambaji,5,56.18,44.95,0,5,1.69,Clear,0,44.64,Moderate,20
19-04-2026 07:52,Ambaji,5,73.61,58.88,0,5,1.22,Clear,0,42.29,Moderate,20
19-04-2026 07:53,Ambaji,5,60.26,48.21,0,5,1.35,Clear,0,40.91,Moderate,20
19-04-2026 07:54,Ambaji,5,64.9,51.92,0,5,1.53,Clear,0,44.43,Moderate,25
19-04-2026 07:55,Ambaji,5,58.18,46.54,0,5,1.52,Clear,0,42.72,Moderate,21
19-04-2026 07:56,Ambaji,5,63.19,50.55,0,5,1.18,Clear,0,39.22,Moderate,17
19-04-2026 07:57,Ambaji,5,60.55,48.44,0,5,1.66,Clear,0,45.29,Moderate,23
19-04-2026 07:58,Ambaji,5,39.14,31.31,0,5,1.29,Clear,0,35.0,Moderate,13
19-04-2026 07:59,Ambaji,5,57.35,45.88,0,4,1.95,Clear,0,47.05,Moderate,20
19-04-2026 08:00,Ambaji,5,56.18,44.95,0,4,1.93,Clear,0,46.54,Moderate,24
19-04-2026 08:01,Ambaji,5,78.47,62.78,0,4,1.16,Clear,0,41.09,Moderate,20
19-04-2026 08:02,Ambaji,5,43.92,35.14,0,4,1.76,Clear,0,41.23,Moderate,21
19-04-2026 08:03,Ambaji,5,38.53,30.83,0,4,1.93,Clear,0,42.21,Moderate,25
19-04-2026 08:04,Ambaji,5,39.28,31.43,0,4,1.67,Clear,0,38.79,Moderate,16
19-04-2026 08:05,Ambaji,5,69.04,55.23,0,4,1.26,Clear,0,40.18,Moderate,20
19-04-2026 08:06,Ambaji,5,42.66,34.12,0,4,1.77,Clear,0,41.06,Moderate,18
19-04-2026 08:07,Ambaji,5,39.74,31.8,0,4,1.36,Clear,0,34.59,Moderate,17
19-04-2026 08:08,Ambaji,5,39.77,31.81,0,4,0.91,Clear,0,28.32,Safe,13
19-04-2026 08:09,Ambaji,5,40.07,32.05,0,4,0.93,Clear,0,28.6,Safe,16
19-04-2026 08:10,Ambaji,5,49.42,39.53,0,3,1.34,Clear,0,35.08,Moderate,12
19-04-2026 08:11,Ambaji,5,38.0,30.4,0,3,1.05,Clear,0,28.35,Safe,14
19-04-2026 08:12,Ambaji,5,29.95,23.96,0,3,1.52,Clear,0,33.0,Moderate,21
19-04-2026 08:13,Ambaji,5,37.12,29.7,0,3,1.49,Clear,0,34.22,Moderate,16
19-04-2026 08:14,Ambaji,5,31.19,24.95,0,3,0.91,Clear,0,24.76,Safe,15
19-04-2026 08:15,Ambaji,5,35.21,28.16,0,3,1.15,Clear,0,29.06,Safe,13
19-04-2026 08:16,Ambaji,5,24.95,19.96,0,3,1.2,Clear,0,27.25,Safe,11
19-04-2026 08:17,Ambaji,5,14.33,11.47,0,3,0.94,Clear,0,21.11,Safe,10
19-04-2026 08:18,Ambaji,5,37.94,30.35,0,3,1.11,Clear,0,29.14,Safe,14
19-04-2026 08:19,Ambaji,5,27.55,22.04,0,3,0.96,Clear,0,24.53,Safe,12
19-04-2026 08:20,Ambaji,5,19.59,15.67,0,3,1.23,Clear,0,26.47,Safe,11
19-04-2026 00:01,Dwarka,5,35.63,28.5,0,5,1.29,Clear,0,34.14,Moderate,15
19-04-2026 00:02,Dwarka,5,40.95,32.76,0,4,1.62,Clear,0,38.53,Moderate,19
19-04-2026 00:03,Dwarka,5,41.54,33.23,0,2,1.23,Clear,0,30.17,Moderate,17
19-04-2026 00:04,Dwarka,5,31.44,25.15,0,5,1.29,Clear,0,33.16,Moderate,18
19-04-2026 00:05,Dwarka,5,43.87,35.1,0,2,0.73,Clear,0,23.73,Safe,15
19-04-2026 00:06,Dwarka,5,47.54,38.03,0,3,1.15,Clear,0,32.01,Moderate,18
19-04-2026 00:07,Dwarka,5,40.96,32.77,0,4,1.12,Clear,0,31.53,Moderate,14
19-04-2026 00:08,Dwarka,5,38.69,30.95,0,4,1.2,Clear,0,32.05,Moderate,16
19-04-2026 00:09,Dwarka,5,36.18,28.94,0,3,0.99,Clear,0,27.04,Safe,14
19-04-2026 00:10,Dwarka,5,31.83,25.46,0,5,1.02,Clear,0,29.46,Safe,15
19-04-2026 00:11,Dwarka,5,35.71,28.57,0,4,1.21,Clear,0,31.54,Moderate,17
19-04-2026 00:12,Dwarka,5,38.95,31.16,0,2,1.14,Clear,0,28.27,Safe,10
19-04-2026 00:13,Dwarka,5,32.57,26.06,0,3,1.3,Clear,0,30.51,Moderate,13
19-04-2026 00:14,Dwarka,5,41.73,33.38,0,3,0.89,Clear,0,26.92,Safe,14
19-04-2026 00:15,Dwarka,5,41.82,33.46,0,4,1.14,Clear,0,31.93,Moderate,18
19-04-2026 00:16,Dwarka,5,28.45,22.76,0,4,1.16,Clear,0,29.03,Safe,16
19-04-2026 00:17,Dwarka,5,36.99,29.6,0,2,1.11,Clear,0,27.38,Safe,12
19-04-2026 00:18,Dwarka,5,34.09,27.27,0,2,0.97,Clear,0,24.75,Safe,14
19-04-2026 00:19,Dwarka,5,43.69,34.95,0,3,1.35,Clear,0,33.87,Moderate,18
19-04-2026 00:20,Dwarka,5,35.06,28.05,0,4,1.28,Clear,0,32.33,Moderate,11
19-04-2026 00:21,Dwarka,5,41.56,33.25,0,2,1.23,Clear,0,30.23,Moderate,12
19-04-2026 00:22,Dwarka,5,41.25,33.0,0,5,1.36,Clear,0,36.38,Moderate,17
19-04-2026 00:23,Dwarka,5,39.29,31.43,0,4,1.16,Clear,0,31.65,Moderate,17
19-04-2026 00:24,Dwarka,5,39.78,31.83,0,5,1.49,Clear,0,37.98,Moderate,20
19-04-2026 00:25,Dwarka,5,43.88,35.11,0,4,1.28,Clear,0,34.46,Moderate,20
19-04-2026 00:26,Dwarka,5,44.92,35.93,0,5,1.16,Clear,0,34.59,Moderate,17
19-04-2026 00:27,Dwarka,5,42.48,33.98,0,3,1.11,Clear,0,30.19,Moderate,12
19-04-2026 00:28,Dwarka,5,31.85,25.48,0,3,0.6,Clear,0,20.59,Safe,10
19-04-2026 00:29,Dwarka,5,41.59,33.27,0,3,1.22,Clear,0,31.6,Moderate,16
19-04-2026 00:30,Dwarka,5,44.47,35.57,0,5,1.23,Clear,0,35.39,Moderate,18
19-04-2026 00:31,Dwarka,5,40.65,32.52,0,2,1.29,Clear,0,30.83,Moderate,14
19-04-2026 00:32,Dwarka,5,35.47,28.37,0,3,1.56,Clear,0,34.84,Moderate,17
19-04-2026 00:33,Dwarka,5,43.4,34.72,0,2,1.1,Clear,0,28.81,Safe,14
19-04-2026 00:34,Dwarka,5,36.68,29.34,0,5,1.25,Clear,0,33.85,Moderate,15
19-04-2026 00:35,Dwarka,5,45.82,36.65,0,3,1.34,Clear,0,34.3,Moderate,17
19-04-2026 00:36,Dwarka,5,45.17,36.13,0,5,1.36,Clear,0,37.44,Moderate,20
19-04-2026 00:37,Dwarka,5,38.57,30.85,0,3,1.11,Clear,0,29.36,Safe,14
19-04-2026 00:38,Dwarka,5,39.91,31.93,0,3,0.95,Clear,0,27.41,Safe,13
19-04-2026 00:39,Dwarka,5,41.41,33.13,0,2,1.26,Clear,0,30.61,Moderate,16
19-04-2026 00:40,Dwarka,5,44.59,35.67,0,3,1.33,Clear,0,33.85,Moderate,17
19-04-2026 00:41,Dwarka,5,45.11,36.09,0,5,1.17,Clear,0,34.67,Moderate,21
19-04-2026 00:42,Dwarka,5,41.48,33.19,0,3,1.1,Clear,0,29.81,Safe,15
19-04-2026 00:43,Dwarka,5,43.7,34.96,0,4,1.36,Clear,0,35.49,Moderate,17
19-04-2026 00:44,Dwarka,5,38.56,30.85,0,3,1.37,Clear,0,32.95,Moderate,16
19-04-2026 00:45,Dwarka,5,44.02,35.21,0,2,1.04,Clear,0,28.12,Safe,15
19-04-2026 00:46,Dwarka,5,44.29,35.44,0,2,1.07,Clear,0,28.61,Safe,13
19-04-2026 00:47,Dwarka,5,44.37,35.5,0,2,1.05,Clear,0,28.4,Safe,13
19-04-2026 00:48,Dwarka,5,47.89,38.31,0,4,1.06,Clear,0,32.38,Moderate,16
19-04-2026 00:49,Dwarka,5,37.88,30.3,0,4,1.1,Clear,0,30.54,Moderate,12
19-04-2026 00:50,Dwarka,5,30.54,24.44,0,2,0.97,Clear,0,23.88,Safe,16
19-04-2026 00:51,Dwarka,5,36.89,29.51,0,3,1.52,Clear,0,34.7,Moderate,20
19-04-2026 00:52,Dwarka,5,32.36,25.89,0,4,1.13,Clear,0,29.65,Safe,14
19-04-2026 00:53,Dwarka,5,41.74,33.39,0,3,1.47,Clear,0,35.07,Moderate,18
19-04-2026 00:54,Dwarka,5,30.68,24.54,0,3,1.23,Clear,0,29.04,Safe,16
19-04-2026 00:55,Dwarka,5,42.46,33.97,0,3,0.91,Clear,0,27.43,Safe,12
19-04-2026 00:56,Dwarka,5,35.81,28.65,0,2,1.21,Clear,0,28.47,Safe,15
19-04-2026 00:57,Dwarka,5,32.54,26.03,0,4,1.41,Clear,0,33.58,Moderate,18
19-04-2026 00:58,Dwarka,5,36.75,29.4,0,5,1.45,Clear,0,36.62,Moderate,16
19-04-2026 00:59,Dwarka,5,37.93,30.34,0,2,1.34,Clear,0,30.84,Moderate,17
19-04-2026 01:00,Dwarka,5,36.03,28.82,0,2,1.06,Clear,0,26.47,Safe,11
19-04-2026 01:01,Dwarka,5,49.59,39.67,0,3,1.21,Clear,0,33.4,Moderate,15
19-04-2026 01:02,Dwarka,5,41.27,33.02,0,2,1.1,Clear,0,28.36,Safe,11
19-04-2026 01:03,Dwarka,5,36.71,29.37,0,3,1.22,Clear,0,30.32,Moderate,17
19-04-2026 01:04,Dwarka,5,32.45,25.96,0,2,1.25,Clear,0,28.32,Safe,15
19-04-2026 01:05,Dwarka,5,41.87,33.5,0,3,1.08,Clear,0,29.74,Safe,19
19-04-2026 01:06,Dwarka,5,33.71,26.96,0,2,1.31,Clear,0,29.49,Safe,17
19-04-2026 01:07,Dwarka,5,45.59,36.47,0,5,1.33,Clear,0,37.0,Moderate,19
19-04-2026 01:08,Dwarka,5,42.28,33.82,0,5,1.1,Clear,0,32.98,Moderate,17
19-04-2026 01:09,Dwarka,5,42.05,33.64,0,2,1.22,Clear,0,30.14,Moderate,19
19-04-2026 01:10,Dwarka,5,40.31,32.24,0,2,0.95,Clear,0,25.94,Safe,9
19-04-2026 01:11,Dwarka,5,41.84,33.47,0,4,1.12,Clear,0,31.73,Moderate,15
19-04-2026 01:12,Dwarka,5,42.42,33.94,0,4,1.12,Clear,0,31.9,Moderate,16
19-04-2026 01:13,Dwarka,5,41.77,33.41,0,4,0.99,Clear,0,29.9,Safe,18
19-04-2026 01:14,Dwarka,5,38.11,30.49,0,4,1.04,Clear,0,29.71,Safe,11
19-04-2026 01:15,Dwarka,5,36.78,29.42,0,3,1.33,Clear,0,31.96,Moderate,14
19-04-2026 01:16,Dwarka,5,44.31,35.44,0,4,1.19,Clear,0,33.23,Moderate,15
19-04-2026 01:17,Dwarka,5,47.21,37.77,0,3,1.41,Clear,0,35.57,Moderate,19
19-04-2026 01:18,Dwarka,5,30.73,24.58,0,4,1.1,Clear,0,28.82,Safe,16
19-04-2026 01:19,Dwarka,5,44.03,35.22,0,3,1.13,Clear,0,30.95,Moderate,15
19-04-2026 01:20,Dwarka,5,32.48,25.98,0,5,0.95,Clear,0,28.62,Safe,14
19-04-2026 01:21,Dwarka,5,44.32,35.46,0,2,1.53,Clear,0,35.0,Moderate,14
19-04-2026 01:22,Dwarka,5,44.92,35.93,0,5,1.53,Clear,0,39.66,Moderate,22
19-04-2026 01:23,Dwarka,5,46.64,37.31,0,3,1.27,Clear,0,33.42,Moderate,16
19-04-2026 01:24,Dwarka,5,42.41,33.93,0,2,1.34,Clear,0,32.0,Moderate,16
19-04-2026 01:25,Dwarka,5,37.65,30.12,0,3,1.2,Clear,0,30.33,Moderate,11
19-04-2026 01:26,Dwarka,5,47.32,37.85,0,2,1.46,Clear,0,34.75,Moderate,18
19-04-2026 01:27,Dwarka,5,39.65,31.72,0,4,1.23,Clear,0,32.71,Moderate,14
19-04-2026 01:28,Dwarka,5,42.75,34.2,0,3,1.51,Clear,0,35.95,Moderate,16
19-04-2026 01:29,Dwarka,5,44.26,35.41,0,4,1.16,Clear,0,32.9,Moderate,14
19-04-2026 01:30,Dwarka,5,33.57,26.86,0,4,1.71,Clear,0,38.0,Moderate,18
19-04-2026 01:31,Dwarka,5,42.36,33.89,0,4,1.14,Clear,0,32.15,Moderate,12
19-04-2026 01:32,Dwarka,5,41.12,32.9,0,4,0.87,Clear,0,28.03,Safe,11
19-04-2026 01:33,Dwarka,5,39.95,31.96,0,4,0.87,Clear,0,27.75,Safe,16
19-04-2026 01:34,Dwarka,5,40.26,32.21,0,4,1.19,Clear,0,32.28,Moderate,12
19-04-2026 01:35,Dwarka,5,52.52,42.01,0,5,1.22,Clear,0,37.23,Moderate,21
19-04-2026 01:36,Dwarka,5,46.92,37.53,0,4,1.13,Clear,0,33.12,Moderate,16
19-04-2026 01:37,Dwarka,5,42.58,34.07,0,4,1.16,Clear,0,32.39,Moderate,14
19-04-2026 01:38,Dwarka,5,45.13,36.1,0,2,1.23,Clear,0,30.99,Moderate,16
19-04-2026 01:39,Dwarka,5,40.39,32.31,0,2,1.18,Clear,0,29.28,Safe,15
19-04-2026 01:40,Dwarka,5,42.93,34.34,0,5,1.32,Clear,0,36.23,Moderate,17
19-04-2026 01:41,Dwarka,5,48.24,38.59,0,11,1.34,Heat,0,46.86,Moderate,23
19-04-2026 01:42,Dwarka,5,36.26,29.01,0,5,1.95,Heat,0,43.53,Moderate,24
19-04-2026 01:43,Dwarka,5,27.76,22.21,0,7,1.43,Heat,0,37.24,Moderate,19
19-04-2026 01:44,Dwarka,5,49.67,39.74,0,5,1.16,Heat,0,35.65,Moderate,19
19-04-2026 01:45,Dwarka,5,46.13,36.91,0,6,1.45,Heat,0,40.41,Moderate,20
19-04-2026 01:46,Dwarka,5,53.18,42.54,0,11,0.79,Heat,0,40.33,Moderate,19
19-04-2026 01:47,Dwarka,5,43.68,34.95,0,6,1.23,Heat,0,36.72,Moderate,20
19-04-2026 01:48,Dwarka,5,60.27,48.22,0,6,1.38,Heat,0,42.8,Moderate,23
19-04-2026 01:49,Dwarka,5,61.15,48.92,0,8,1.13,Heat,0,42.43,Moderate,21
19-04-2026 01:50,Dwarka,5,46.47,37.17,0,11,1.93,Heat,0,54.67,Moderate,29
19-04-2026 01:51,Dwarka,5,23.48,18.79,0,8,1.48,Heat,0,38.32,Moderate,20
19-04-2026 01:52,Dwarka,5,49.13,39.31,0,9,1.39,Heat,0,44.76,Moderate,21
19-04-2026 01:53,Dwarka,5,38.87,31.1,0,6,0.93,Heat,0,31.32,Moderate,14
19-04-2026 01:54,Dwarka,5,68.13,54.5,0,5,1.06,Heat,0,38.63,Moderate,20
19-04-2026 01:55,Dwarka,5,51.36,41.09,0,11,1.45,Heat,0,49.13,Moderate,23
19-04-2026 01:56,Dwarka,5,57.85,46.28,0,10,1.51,Heat,0,50.06,Moderate,26
19-04-2026 01:57,Dwarka,5,43.06,34.45,0,10,1.99,Heat,0,53.2,Moderate,24
19-04-2026 01:58,Dwarka,5,71.21,56.97,0,5,1.67,Heat,0,47.95,Moderate,24
19-04-2026 01:59,Dwarka,5,77.4,61.92,0,6,1.62,Heat,0,50.24,Moderate,25
19-04-2026 02:00,Dwarka,5,61.22,48.98,0,8,1.79,Heat,0,51.69,Moderate,25
19-04-2026 02:01,Dwarka,5,35.48,28.38,0,7,1.09,Heat,0,34.29,Moderate,18
19-04-2026 02:02,Dwarka,5,50.16,40.13,0,6,1.46,Heat,0,41.54,Moderate,19
19-04-2026 02:03,Dwarka,5,68.49,54.79,0,5,1.98,Heat,0,51.64,Moderate,27
19-04-2026 02:04,Dwarka,5,66.38,53.1,0,6,2.25,Heat,0,56.4,Danger,26
19-04-2026 02:05,Dwarka,5,68.16,54.53,0,7,1.91,Heat,0,53.55,Moderate,27
19-04-2026 02:06,Dwarka,5,71.88,57.51,0,5,1.21,Heat,0,41.74,Moderate,19
19-04-2026 02:07,Dwarka,5,68.81,55.04,0,11,1.21,Heat,0,49.96,Moderate,26
19-04-2026 02:08,Dwarka,5,77.33,61.87,0,11,1.74,Heat,0,59.49,Danger,30
19-04-2026 02:09,Dwarka,5,65.46,52.37,0,5,2.52,Heat,0,58.43,Danger,30
19-04-2026 02:10,Dwarka,5,70.68,56.54,0,9,2.16,Heat,0,60.73,Danger,33
19-04-2026 02:11,Dwarka,5,67.89,54.31,0,5,1.85,Heat,0,49.67,Moderate,26
19-04-2026 02:12,Dwarka,5,70.94,56.75,0,10,2.05,Heat,0,60.66,Danger,30
19-04-2026 02:13,Dwarka,5,71.18,56.95,0,8,2.1,Heat,0,58.51,Danger,26
19-04-2026 02:14,Dwarka,5,78.31,62.65,0,9,1.89,Heat,0,58.76,Danger,27
19-04-2026 02:15,Dwarka,5,86.45,69.16,0,9,1.36,Heat,0,53.33,Moderate,25
19-04-2026 02:16,Dwarka,5,77.07,61.66,0,8,1.79,Heat,0,55.62,Danger,28
19-04-2026 02:17,Dwarka,5,67.65,54.12,0,5,2.2,Heat,0,54.55,Moderate,29
19-04-2026 02:18,Dwarka,5,66.27,53.02,0,11,1.87,Heat,0,58.64,Danger,31
19-04-2026 02:19,Dwarka,5,72.56,58.05,0,9,2.32,Heat,0,63.42,Danger,33
19-04-2026 02:20,Dwarka,5,73.46,58.77,0,9,1.38,Heat,0,50.48,Moderate,24
19-04-2026 02:21,Dwarka,5,84.94,67.96,0,9,1.74,Heat,0,58.23,Danger,27
19-04-2026 02:22,Dwarka,5,87.29,69.83,0,5,2.06,Heat,0,57.27,Danger,25
19-04-2026 02:23,Dwarka,5,81.87,65.49,0,8,1.49,Heat,0,52.52,Moderate,26
19-04-2026 02:24,Dwarka,5,77.61,62.09,0,11,1.51,Heat,0,56.22,Danger,27
19-04-2026 02:25,Dwarka,5,93.01,74.4,0,11,1.94,Heat,0,66.02,Danger,34
19-04-2026 02:26,Dwarka,5,82.73,66.18,0,7,2.68,Heat,0,67.81,Danger,31
19-04-2026 02:27,Dwarka,5,107.28,85.82,0,7,2.1,Heat,0,65.61,Danger,30
19-04-2026 02:28,Dwarka,5,99.69,79.75,0,8,1.84,Heat,0,61.7,Danger,32
19-04-2026 02:29,Dwarka,5,98.49,78.79,0,8,2.41,Heat,0,69.42,Danger,35
19-04-2026 02:30,Dwarka,5,100.13,80.1,0,9,1.82,Heat,0,63.01,Danger,30
19-04-2026 02:31,Dwarka,5,98.91,79.13,0,11,2.77,Heat,0,78.95,Critical,42
19-04-2026 02:32,Dwarka,5,95.09,76.07,0,9,2.3,Heat,1,68.55,Danger,35
19-04-2026 02:33,Dwarka,5,95.14,76.11,0,11,1.83,Heat,1,64.89,Danger,26
19-04-2026 02:34,Dwarka,5,82.02,65.62,0,11,2.0,Heat,1,64.12,Danger,31
19-04-2026 02:35,Dwarka,5,64.33,51.46,0,7,2.3,Heat,1,58.14,Danger,28
19-04-2026 02:36,Dwarka,5,97.6,78.08,0,9,2.93,Heat,1,77.88,Critical,41
19-04-2026 02:37,Dwarka,5,86.63,69.31,0,7,2.03,Heat,1,59.66,Danger,32
19-04-2026 02:38,Dwarka,5,97.14,77.71,0,7,2.53,Heat,1,69.27,Danger,37
19-04-2026 02:39,Dwarka,5,102.52,82.01,0,9,2.59,Heat,1,74.41,Danger,39
19-04-2026 02:40,Dwarka,5,97.65,78.12,0,8,2.4,Heat,1,69.03,Danger,33
19-04-2026 02:41,Dwarka,5,91.08,72.86,0,7,2.4,Heat,1,65.91,Danger,35
19-04-2026 02:42,Dwarka,5,87.32,69.86,0,7,2.71,Heat,1,69.4,Danger,35
19-04-2026 02:43,Dwarka,5,92.77,74.22,0,10,2.36,Heat,1,70.28,Danger,32
19-04-2026 02:44,Dwarka,5,98.38,78.7,0,5,2.47,Heat,1,65.68,Danger,33
19-04-2026 02:45,Dwarka,5,80.98,64.79,0,7,2.51,Heat,1,65.02,Danger,30
19-04-2026 02:46,Dwarka,5,115.25,92.2,0,11,1.96,Heat,1,71.6,Danger,31
19-04-2026 02:47,Dwarka,5,91.73,73.38,0,7,2.45,Heat,1,66.75,Danger,36
19-04-2026 02:48,Dwarka,5,112.46,89.97,0,10,1.95,Heat,1,69.35,Danger,37
19-04-2026 02:49,Dwarka,5,106.34,85.07,0,11,2.22,Heat,1,73.13,Danger,35
19-04-2026 02:50,Dwarka,5,108.83,87.06,0,10,2.43,Heat,1,75.16,Critical,37
19-04-2026 02:51,Dwarka,5,116.1,92.88,0,7,2.9,Heat,1,78.96,Critical,39
19-04-2026 02:52,Dwarka,5,103.82,83.05,0,7,3.04,Heat,1,77.99,Critical,38
19-04-2026 02:53,Dwarka,5,111.03,88.82,0,8,2.99,Heat,1,80.52,Critical,39
19-04-2026 02:54,Dwarka,5,109.51,87.61,0,6,2.64,Heat,1,72.3,Danger,39
19-04-2026 02:55,Dwarka,5,134.46,107.57,0,11,2.92,Heat,1,89.61,Critical,42
19-04-2026 02:56,Dwarka,5,126.17,100.94,0,10,2.71,Heat,1,83.23,Critical,41
19-04-2026 02:57,Dwarka,5,128.22,102.58,0,9,2.47,Heat,1,78.79,Critical,40
19-04-2026 02:58,Dwarka,5,131.36,105.09,0,7,3.53,Heat,1,91.46,Critical,44
19-04-2026 02:59,Dwarka,5,121.92,97.54,0,9,2.6,Heat,1,79.23,Critical,38
19-04-2026 03:00,Dwarka,5,121.33,97.07,0,9,2.49,Heat,1,77.44,Critical,41
19-04-2026 03:01,Dwarka,5,116.42,93.13,0,7,2.52,Heat,1,73.67,Danger,37
19-04-2026 03:02,Dwarka,5,112.87,90.29,0,6,3.08,Heat,1,79.22,Critical,38
19-04-2026 03:03,Dwarka,5,127.28,101.83,0,7,2.0,Heat,1,69.02,Danger,32
19-04-2026 03:04,Dwarka,5,122.47,97.98,0,7,2.87,Heat,1,80.1,Critical,41
19-04-2026 03:05,Dwarka,5,103.98,83.18,0,8,2.94,Heat,1,78.14,Critical,37
19-04-2026 03:06,Dwarka,5,121.45,97.16,0,7,2.96,Heat,1,81.06,Critical,40
19-04-2026 03:07,Dwarka,5,120.26,96.21,0,7,2.92,Heat,1,80.19,Critical,40
19-04-2026 03:08,Dwarka,5,132.93,106.35,0,9,2.77,Heat,1,84.21,Critical,42
19-04-2026 03:09,Dwarka,5,109.19,87.35,0,9,2.66,Heat,1,76.94,Critical,40
19-04-2026 03:10,Dwarka,5,129.05,103.24,0,6,2.74,Heat,1,78.32,Critical,39
19-04-2026 03:11,Dwarka,5,116.74,93.39,0,8,3.26,Heat,1,85.62,Critical,49
19-04-2026 03:12,Dwarka,5,134.92,107.94,0,8,3.36,Heat,1,91.46,Critical,46
19-04-2026 03:13,Dwarka,5,131.17,104.94,0,11,3.38,Heat,1,95.3,Critical,45
19-04-2026 03:14,Dwarka,5,136.24,108.99,0,5,2.89,Heat,1,80.62,Critical,37
19-04-2026 03:15,Dwarka,5,112.09,89.67,0,5,3.12,Heat,1,78.08,Critical,36
19-04-2026 03:16,Dwarka,5,151.43,121.14,0,5,2.68,Heat,1,81.43,Critical,41
19-04-2026 03:17,Dwarka,5,124.22,99.38,0,6,3.48,Heat,1,87.57,Critical,44
19-04-2026 03:18,Dwarka,5,149.91,119.93,0,9,2.79,Heat,1,88.6,Critical,45
19-04-2026 03:19,Dwarka,5,132.27,105.81,0,5,3.47,Heat,1,87.8,Critical,43
19-04-2026 03:20,Dwarka,5,136.31,109.05,0,11,3.6,Heat,1,99.67,Critical,44
19-04-2026 03:21,Dwarka,5,144.43,115.54,1,21,3.99,Rain,1,100.0,Critical,49
19-04-2026 03:22,Dwarka,5,124.41,99.53,1,21,3.89,Rain,1,100.0,Critical,53
19-04-2026 03:23,Dwarka,5,150.0,120.0,1,20,2.78,Rain,1,100.0,Critical,53
19-04-2026 03:24,Dwarka,5,118.63,94.9,1,23,3.46,Rain,1,100.0,Critical,47
19-04-2026 03:25,Dwarka,5,116.22,92.98,1,21,2.69,Rain,1,97.12,Critical,48
19-04-2026 03:26,Dwarka,5,150.34,120.27,1,16,3.06,Rain,1,100.0,Critical,50
19-04-2026 03:27,Dwarka,5,140.38,112.3,1,17,3.45,Rain,1,100.0,Critical,49
19-04-2026 03:28,Dwarka,5,143.52,114.82,1,15,3.68,Rain,1,100.0,Critical,49
19-04-2026 03:29,Dwarka,5,122.15,97.72,1,18,3.21,Rain,1,100.0,Critical,49
19-04-2026 03:30,Dwarka,5,150.58,120.46,1,21,3.17,Rain,1,100.0,Critical,54
19-04-2026 03:31,Dwarka,5,156.51,125.21,1,20,3.65,Rain,1,100.0,Critical,49
19-04-2026 03:32,Dwarka,5,142.67,114.14,1,17,2.88,Rain,1,100.0,Critical,46
19-04-2026 03:33,Dwarka,5,140.61,112.49,1,21,3.03,Rain,1,100.0,Critical,48
19-04-2026 03:34,Dwarka,5,180.84,144.68,1,21,2.87,Rain,1,100.0,Critical,50
19-04-2026 03:35,Dwarka,5,155.83,124.66,1,21,3.66,Rain,1,100.0,Critical,50
19-04-2026 03:36,Dwarka,5,147.52,118.02,1,20,3.58,Rain,1,100.0,Critical,48
19-04-2026 03:37,Dwarka,5,171.56,137.25,1,19,3.48,Rain,1,100.0,Critical,50
19-04-2026 03:38,Dwarka,5,158.69,126.95,1,21,3.55,Rain,1,100.0,Critical,52
19-04-2026 03:39,Dwarka,5,180.82,144.65,1,22,3.85,Rain,1,100.0,Critical,50
19-04-2026 03:40,Dwarka,5,190.05,152.04,1,21,3.44,Rain,1,100.0,Critical,47
19-04-2026 03:41,Dwarka,5,147.43,117.94,1,23,3.9,Rain,1,100.0,Critical,50
19-04-2026 03:42,Dwarka,5,162.79,130.23,1,24,3.77,Rain,1,100.0,Critical,47
19-04-2026 03:43,Dwarka,5,155.65,124.52,1,21,3.51,Rain,1,100.0,Critical,50
19-04-2026 03:44,Dwarka,5,161.25,129.0,1,16,3.67,Rain,1,100.0,Critical,51
19-04-2026 03:45,Dwarka,5,154.66,123.73,1,19,3.1,Rain,1,100.0,Critical,48
19-04-2026 03:46,Dwarka,5,154.18,123.34,1,18,3.1,Rain,1,100.0,Critical,46
19-04-2026 03:47,Dwarka,5,195.6,156.48,1,15,3.51,Rain,1,100.0,Critical,53
19-04-2026 03:48,Dwarka,5,182.34,145.87,1,22,3.64,Rain,1,100.0,Critical,47
19-04-2026 03:49,Dwarka,5,170.36,136.29,1,19,4.17,Rain,1,100.0,Critical,45
19-04-2026 03:50,Dwarka,5,151.39,121.11,1,23,3.82,Rain,1,100.0,Critical,52
19-04-2026 03:51,Dwarka,5,176.28,141.02,1,20,4.41,Rain,1,100.0,Critical,50
19-04-2026 03:52,Dwarka,5,183.01,146.41,1,18,4.42,Rain,1,100.0,Critical,50
19-04-2026 03:53,Dwarka,5,154.43,123.55,1,23,4.05,Rain,1,100.0,Critical,52
19-04-2026 03:54,Dwarka,5,154.9,123.92,1,16,3.76,Rain,1,100.0,Critical,46
19-04-2026 03:55,Dwarka,5,183.47,146.78,1,24,3.69,Rain,1,100.0,Critical,49
19-04-2026 03:56,Dwarka,5,192.38,153.9,1,16,3.69,Rain,1,100.0,Critical,50
19-04-2026 03:57,Dwarka,5,193.69,154.95,1,24,4.24,Rain,1,100.0,Critical,49
19-04-2026 03:58,Dwarka,5,197.41,157.93,1,21,4.38,Rain,1,100.0,Critical,50
19-04-2026 03:59,Dwarka,5,189.02,151.22,1,18,4.02,Rain,1,100.0,Critical,48
19-04-2026 04:00,Dwarka,5,173.6,138.88,1,16,4.47,Rain,1,100.0,Critical,48
19-04-2026 04:01,Dwarka,5,196.66,157.33,1,16,3.75,Rain,1,100.0,Critical,48
19-04-2026 04:02,Dwarka,5,224.07,179.26,1,19,4.16,Rain,1,100.0,Critical,48
19-04-2026 04:03,Dwarka,5,189.97,151.98,1,23,3.59,Rain,1,100.0,Critical,49
19-04-2026 04:04,Dwarka,5,190.37,152.3,1,21,4.49,Rain,1,100.0,Critical,46
19-04-2026 04:05,Dwarka,5,192.29,153.84,1,15,4.23,Rain,1,100.0,Critical,49
19-04-2026 04:06,Dwarka,5,201.97,161.57,1,24,4.17,Rain,1,100.0,Critical,53
19-04-2026 04:07,Dwarka,5,200.04,160.03,1,18,4.26,Rain,1,100.0,Critical,49
19-04-2026 04:08,Dwarka,5,190.11,152.09,1,20,4.51,Rain,1,100.0,Critical,47
19-04-2026 04:09,Dwarka,5,204.97,163.97,1,22,5.02,Rain,1,100.0,Critical,48
19-04-2026 04:10,Dwarka,5,182.29,145.83,1,23,5.1,Rain,1,100.0,Critical,48
19-04-2026 04:11,Dwarka,5,227.7,182.16,1,20,4.62,Rain,1,100.0,Critical,51
19-04-2026 04:12,Dwarka,5,224.08,179.26,1,19,4.52,Rain,1,100.0,Critical,50
19-04-2026 04:13,Dwarka,5,215.59,172.47,1,16,4.21,Rain,1,100.0,Critical,50
19-04-2026 04:14,Dwarka,5,189.32,151.46,1,24,3.82,Rain,1,100.0,Critical,50
19-04-2026 04:15,Dwarka,5,200.51,160.41,1,16,3.87,Rain,1,100.0,Critical,51
19-04-2026 04:16,Dwarka,5,197.64,158.11,1,24,4.73,Rain,1,100.0,Critical,48
19-04-2026 04:17,Dwarka,5,211.37,169.1,1,22,5.5,Rain,1,100.0,Critical,47
19-04-2026 04:18,Dwarka,5,204.18,163.35,1,22,4.7,Rain,1,100.0,Critical,51
19-04-2026 04:19,Dwarka,5,208.16,166.53,1,21,4.4,Rain,1,100.0,Critical,48
19-04-2026 04:20,Dwarka,5,219.73,175.78,1,19,5.2,Rain,1,100.0,Critical,48
19-04-2026 04:21,Dwarka,5,198.02,158.41,1,19,4.59,Rain,1,100.0,Critical,49
19-04-2026 04:22,Dwarka,5,192.79,154.23,1,23,4.37,Rain,1,100.0,Critical,49
19-04-2026 04:23,Dwarka,5,215.67,172.54,1,22,4.17,Rain,1,100.0,Critical,50
19-04-2026 04:24,Dwarka,5,231.87,185.49,1,23,5.35,Rain,1,100.0,Critical,52
19-04-2026 04:25,Dwarka,5,172.97,138.38,1,18,5.05,Rain,1,100.0,Critical,47
19-04-2026 04:26,Dwarka,5,225.09,180.07,1,19,4.68,Rain,1,100.0,Critical,54
19-04-2026 04:27,Dwarka,5,225.33,180.26,1,23,4.8,Rain,1,100.0,Critical,51
19-04-2026 04:28,Dwarka,5,224.2,179.36,1,20,5.21,Rain,1,100.0,Critical,51
19-04-2026 04:29,Dwarka,5,200.03,160.02,1,17,4.48,Rain,1,100.0,Critical,50
19-04-2026 04:30,Dwarka,5,229.77,183.82,1,22,4.44,Rain,1,100.0,Critical,52
19-04-2026 04:31,Dwarka,5,220.12,176.09,1,24,4.97,Rain,1,100.0,Critical,47
19-04-2026 04:32,Dwarka,5,235.96,188.77,1,24,4.77,Rain,1,100.0,Critical,50
19-04-2026 04:33,Dwarka,5,235.63,188.51,1,24,4.77,Rain,1,100.0,Critical,54
19-04-2026 04:34,Dwarka,5,195.88,156.7,1,15,5.1,Rain,1,100.0,Critical,47
19-04-2026 04:35,Dwarka,5,219.21,175.36,1,19,4.62,Rain,1,100.0,Critical,49
19-04-2026 04:36,Dwarka,5,224.29,179.43,1,16,4.57,Rain,1,100.0,Critical,50
19-04-2026 04:37,Dwarka,5,245.23,196.18,1,16,5.27,Rain,1,100.0,Critical,49
19-04-2026 04:38,Dwarka,5,224.61,179.69,1,18,5.14,Rain,1,100.0,Critical,50
19-04-2026 04:39,Dwarka,5,241.81,193.44,1,17,4.55,Rain,1,100.0,Critical,47
19-04-2026 04:40,Dwarka,5,234.57,187.66,1,20,5.28,Rain,1,100.0,Critical,51
19-04-2026 04:41,Dwarka,5,234.91,187.93,1,24,5.88,Rain,1,100.0,Critical,52
19-04-2026 04:42,Dwarka,5,227.87,182.29,1,18,5.82,Rain,1,100.0,Critical,48
19-04-2026 04:43,Dwarka,5,241.48,193.18,1,17,5.45,Rain,1,100.0,Critical,51
19-04-2026 04:44,Dwarka,5,227.94,182.36,1,15,4.83,Rain,1,100.0,Critical,48
19-04-2026 04:45,Dwarka,5,241.88,193.51,1,19,5.31,Rain,1,100.0,Critical,47
19-04-2026 04:46,Dwarka,5,227.07,181.65,1,24,5.75,Rain,1,100.0,Critical,52
19-04-2026 04:47,Dwarka,5,215.74,172.59,1,15,5.45,Rain,1,100.0,Critical,51
19-04-2026 04:48,Dwarka,5,230.35,184.28,1,18,4.98,Rain,1,100.0,Critical,49
19-04-2026 04:49,Dwarka,5,225.61,180.49,1,22,5.34,Rain,1,100.0,Critical,47
19-04-2026 04:50,Dwarka,5,245.57,196.46,1,15,4.87,Rain,1,100.0,Critical,49
19-04-2026 04:51,Dwarka,5,259.07,207.25,1,24,5.14,Rain,1,100.0,Critical,51
19-04-2026 04:52,Dwarka,5,241.98,193.58,1,19,6.02,Rain,1,100.0,Critical,51
19-04-2026 04:53,Dwarka,5,242.05,193.64,1,18,5.12,Rain,1,100.0,Critical,48
19-04-2026 04:54,Dwarka,5,279.22,223.38,1,15,6.82,Rain,1,100.0,Critical,48
19-04-2026 04:55,Dwarka,5,265.21,212.17,1,22,5.39,Rain,1,100.0,Critical,45
19-04-2026 04:56,Dwarka,5,248.17,198.54,1,23,5.17,Rain,1,100.0,Critical,49
19-04-2026 04:57,Dwarka,5,273.89,219.11,1,21,5.19,Rain,1,100.0,Critical,53
19-04-2026 04:58,Dwarka,5,245.53,196.42,1,23,5.72,Rain,1,100.0,Critical,48
19-04-2026 04:59,Dwarka,5,270.55,216.44,1,22,5.69,Rain,1,100.0,Critical,48
19-04-2026 05:00,Dwarka,5,249.33,199.46,1,23,5.8,Rain,1,100.0,Critical,50
19-04-2026 05:01,Dwarka,5,251.22,200.98,0,20,5.41,Clear,0,100.0,Critical,51
19-04-2026 05:02,Dwarka,5,266.26,213.01,0,20,5.72,Clear,0,100.0,Critical,48
19-04-2026 05:03,Dwarka,5,260.2,208.16,0,20,5.69,Clear,0,100.0,Critical,50
19-04-2026 05:04,Dwarka,5,258.01,206.41,0,20,5.68,Clear,0,100.0,Critical,48
19-04-2026 05:05,Dwarka,5,260.08,208.07,0,20,5.08,Clear,0,100.0,Critical,52
19-04-2026 05:06,Dwarka,5,251.48,201.19,0,20,5.78,Clear,0,100.0,Critical,52
19-04-2026 05:07,Dwarka,5,271.95,217.56,0,20,5.43,Clear,0,100.0,Critical,47
19-04-2026 05:08,Dwarka,5,237.39,189.91,0,20,5.75,Clear,0,100.0,Critical,49
19-04-2026 05:09,Dwarka,5,259.04,207.23,0,20,5.84,Clear,0,100.0,Critical,50
19-04-2026 05:10,Dwarka,5,230.33,184.26,0,20,5.74,Clear,0,100.0,Critical,51
19-04-2026 05:11,Dwarka,5,236.72,189.37,0,20,5.71,Clear,0,100.0,Critical,48
19-04-2026 05:12,Dwarka,5,232.99,186.39,0,20,5.48,Clear,0,100.0,Critical,48
19-04-2026 05:13,Dwarka,5,234.79,187.83,0,19,5.14,Clear,0,100.0,Critical,45
19-04-2026 05:14,Dwarka,5,224.45,179.56,0,19,5.16,Clear,0,100.0,Critical,49
19-04-2026 05:15,Dwarka,5,248.38,198.71,0,19,5.58,Clear,0,100.0,Critical,49
19-04-2026 05:16,Dwarka,5,242.69,194.15,0,19,5.35,Clear,0,100.0,Critical,48
19-04-2026 05:17,Dwarka,5,240.77,192.61,0,19,4.95,Clear,0,100.0,Critical,47
19-04-2026 05:18,Dwarka,5,248.67,198.94,0,19,5.51,Clear,0,100.0,Critical,51
19-04-2026 05:19,Dwarka,5,250.8,200.64,0,19,5.47,Clear,0,100.0,Critical,54
19-04-2026 05:20,Dwarka,5,238.5,190.8,0,19,5.33,Clear,0,100.0,Critical,48
19-04-2026 05:21,Dwarka,5,233.23,186.58,0,19,5.74,Clear,0,100.0,Critical,48
19-04-2026 05:22,Dwarka,5,242.66,194.13,0,19,5.17,Clear,0,100.0,Critical,51
19-04-2026 05:23,Dwarka,5,246.07,196.86,0,19,4.93,Clear,0,100.0,Critical,54
19-04-2026 05:24,Dwarka,5,248.66,198.93,0,18,5.04,Clear,0,100.0,Critical,48
19-04-2026 05:25,Dwarka,5,232.12,185.7,0,18,5.02,Clear,0,100.0,Critical,53
19-04-2026 05:26,Dwarka,5,237.39,189.92,0,18,5.12,Clear,0,100.0,Critical,52
19-04-2026 05:27,Dwarka,5,233.48,186.78,0,18,4.82,Clear,0,100.0,Critical,54
19-04-2026 05:28,Dwarka,5,223.3,178.64,0,18,4.92,Clear,0,100.0,Critical,47
19-04-2026 05:29,Dwarka,5,231.43,185.15,0,18,5.16,Clear,0,100.0,Critical,52
19-04-2026 05:30,Dwarka,5,224.18,179.35,0,18,5.43,Clear,0,100.0,Critical,52
19-04-2026 05:31,Dwarka,5,208.22,166.58,0,18,4.47,Clear,0,100.0,Critical,47
19-04-2026 05:32,Dwarka,5,206.63,165.3,0,18,5.12,Clear,0,100.0,Critical,48
19-04-2026 05:33,Dwarka,5,233.05,186.44,0,18,5.15,Clear,0,100.0,Critical,49
19-04-2026 05:34,Dwarka,5,218.51,174.81,0,18,5.19,Clear,0,100.0,Critical,51
19-04-2026 05:35,Dwarka,5,224.99,179.99,0,17,5.45,Clear,0,100.0,Critical,49
19-04-2026 05:36,Dwarka,5,211.1,168.88,0,17,5.02,Clear,0,100.0,Critical,49
19-04-2026 05:37,Dwarka,5,206.79,165.44,0,17,4.64,Clear,0,100.0,Critical,51
19-04-2026 05:38,Dwarka,5,225.65,180.52,0,17,4.89,Clear,0,100.0,Critical,50
19-04-2026 05:39,Dwarka,5,205.38,164.3,0,17,4.6,Clear,0,100.0,Critical,52
19-04-2026 05:40,Dwarka,5,214.58,171.67,0,17,5.08,Clear,0,100.0,Critical,48
19-04-2026 05:41,Dwarka,5,223.43,178.74,0,17,5.03,Clear,0,100.0,Critical,47
19-04-2026 05:42,Dwarka,5,218.86,175.09,0,17,4.56,Clear,0,100.0,Critical,51
19-04-2026 05:43,Dwarka,5,220.5,176.4,0,17,4.3,Clear,0,100.0,Critical,50
19-04-2026 05:44,Dwarka,5,213.35,170.68,0,17,5.61,Clear,0,100.0,Critical,52
19-04-2026 05:45,Dwarka,5,215.18,172.14,0,17,3.89,Clear,0,100.0,Critical,49
19-04-2026 05:46,Dwarka,5,204.5,163.6,0,16,4.8,Clear,0,100.0,Critical,45
19-04-2026 05:47,Dwarka,5,223.0,178.4,0,16,5.12,Clear,0,100.0,Critical,49
19-04-2026 05:48,Dwarka,5,190.57,152.45,0,16,4.24,Clear,0,100.0,Critical,49
19-04-2026 05:49,Dwarka,5,209.87,167.9,0,16,4.23,Clear,0,100.0,Critical,48
19-04-2026 05:50,Dwarka,5,201.64,161.31,0,16,3.75,Clear,0,100.0,Critical,51
19-04-2026 05:51,Dwarka,5,198.91,159.13,0,16,4.34,Clear,0,100.0,Critical,48
19-04-2026 05:52,Dwarka,5,194.79,155.84,0,16,4.65,Clear,0,100.0,Critical,52
19-04-2026 05:53,Dwarka,5,205.9,164.72,0,16,4.08,Clear,0,100.0,Critical,52
19-04-2026 05:54,Dwarka,5,199.24,159.39,0,16,4.64,Clear,0,100.0,Critical,49
19-04-2026 05:55,Dwarka,5,204.5,163.6,0,16,4.47,Clear,0,100.0,Critical,48
19-04-2026 05:56,Dwarka,5,186.59,149.27,0,16,4.17,Clear,0,100.0,Critical,48
19-04-2026 05:57,Dwarka,5,219.32,175.46,0,15,4.69,Clear,0,100.0,Critical,51
19-04-2026 05:58,Dwarka,5,210.17,168.13,0,15,4.08,Clear,0,100.0,Critical,49
19-04-2026 05:59,Dwarka,5,191.27,153.01,0,15,4.38,Clear,0,100.0,Critical,53
19-04-2026 06:00,Dwarka,5,202.9,162.32,0,15,4.15,Clear,0,100.0,Critical,46
19-04-2026 06:01,Dwarka,5,169.19,135.35,0,15,4.39,Clear,0,100.0,Critical,49
19-04-2026 06:02,Dwarka,5,175.44,140.35,0,15,4.34,Clear,0,100.0,Critical,50
19-04-2026 06:03,Dwarka,5,185.7,148.56,0,15,4.33,Clear,0,100.0,Critical,49
19-04-2026 06:04,Dwarka,5,182.94,146.35,0,15,3.92,Clear,0,100.0,Critical,53
19-04-2026 06:05,Dwarka,5,189.9,151.92,0,15,3.98,Clear,0,100.0,Critical,47
19-04-2026 06:06,Dwarka,5,192.33,153.86,0,15,4.18,Clear,0,100.0,Critical,51
19-04-2026 06:07,Dwarka,5,174.57,139.66,0,15,4.38,Clear,0,100.0,Critical,50
19-04-2026 06:08,Dwarka,5,187.57,150.06,0,14,4.19,Clear,0,100.0,Critical,52
19-04-2026 06:09,Dwarka,5,189.11,151.29,0,14,3.58,Clear,0,100.0,Critical,48
19-04-2026 06:10,Dwarka,5,178.46,142.77,0,14,4.05,Clear,0,100.0,Critical,49
19-04-2026 06:11,Dwarka,5,189.02,151.22,0,14,4.05,Clear,0,100.0,Critical,52
19-04-2026 06:12,Dwarka,5,180.09,144.07,0,14,4.06,Clear,0,100.0,Critical,51
19-04-2026 06:13,Dwarka,5,174.18,139.35,0,14,3.89,Clear,0,100.0,Critical,50
19-04-2026 06:14,Dwarka,5,172.02,137.62,0,14,4.0,Clear,0,100.0,Critical,53
19-04-2026 06:15,Dwarka,5,182.35,145.88,0,14,3.67,Clear,0,100.0,Critical,47
19-04-2026 06:16,Dwarka,5,171.01,136.81,0,14,4.17,Clear,0,100.0,Critical,49
19-04-2026 06:17,Dwarka,5,171.66,137.33,0,14,3.96,Clear,0,100.0,Critical,49
19-04-2026 06:18,Dwarka,5,170.08,136.07,0,14,4.24,Clear,0,100.0,Critical,49
19-04-2026 06:19,Dwarka,5,168.19,134.55,0,13,4.44,Clear,0,100.0,Critical,47
19-04-2026 06:20,Dwarka,5,166.09,132.87,0,13,4.06,Clear,0,100.0,Critical,50
19-04-2026 06:21,Dwarka,5,173.13,138.51,0,13,4.19,Clear,0,100.0,Critical,47
19-04-2026 06:22,Dwarka,5,162.96,130.36,0,13,3.97,Clear,0,100.0,Critical,52
19-04-2026 06:23,Dwarka,5,168.25,134.6,0,13,4.11,Clear,0,100.0,Critical,53
19-04-2026 06:24,Dwarka,5,186.33,149.06,0,13,3.77,Clear,0,100.0,Critical,47
19-04-2026 06:25,Dwarka,5,174.2,139.36,0,13,4.08,Clear,0,100.0,Critical,47
19-04-2026 06:26,Dwarka,5,151.65,121.32,0,13,3.8,Clear,0,100.0,Critical,51
19-04-2026 06:27,Dwarka,5,165.83,132.67,0,13,3.65,Clear,0,100.0,Critical,49
19-04-2026 06:28,Dwarka,5,153.94,123.15,0,13,3.61,Clear,0,100.0,Critical,49
19-04-2026 06:29,Dwarka,5,153.97,123.17,0,13,4.06,Clear,0,100.0,Critical,48
19-04-2026 06:30,Dwarka,5,171.13,136.9,0,12,3.71,Clear,0,100.0,Critical,47
19-04-2026 06:31,Dwarka,5,133.86,107.09,0,12,3.46,Clear,0,98.56,Critical,50
19-04-2026 06:32,Dwarka,5,172.12,137.7,0,12,3.81,Clear,0,100.0,Critical,50
19-04-2026 06:33,Dwarka,5,136.74,109.39,0,12,3.47,Clear,0,99.36,Critical,48
19-04-2026 06:34,Dwarka,5,159.11,127.29,0,12,3.46,Clear,0,100.0,Critical,48
19-04-2026 06:35,Dwarka,5,141.33,113.06,0,12,3.22,Clear,0,97.04,Critical,49
19-04-2026 06:36,Dwarka,5,155.59,124.47,0,12,3.43,Clear,0,100.0,Critical,50
19-04-2026 06:37,Dwarka,5,146.96,117.57,0,12,3.78,Clear,0,100.0,Critical,49
19-04-2026 06:38,Dwarka,5,154.79,123.83,0,12,2.92,Clear,0,96.02,Critical,43
19-04-2026 06:39,Dwarka,5,151.33,121.06,0,12,3.56,Clear,0,100.0,Critical,51
19-04-2026 06:40,Dwarka,5,142.66,114.12,0,12,3.73,Clear,0,100.0,Critical,50
19-04-2026 06:41,Dwarka,5,149.3,119.44,0,11,3.83,Clear,0,100.0,Critical,47
19-04-2026 06:42,Dwarka,5,121.38,97.1,0,11,3.85,Clear,0,99.52,Critical,50
19-04-2026 06:43,Dwarka,5,136.84,109.47,0,11,3.27,Clear,0,95.17,Critical,49
19-04-2026 06:44,Dwarka,5,120.26,96.21,0,11,3.25,Clear,0,90.91,Critical,47
19-04-2026 06:45,Dwarka,5,135.26,108.21,0,11,2.73,Clear,0,87.12,Critical,44
19-04-2026 06:46,Dwarka,5,130.56,104.45,0,11,2.93,Clear,0,88.86,Critical,40
19-04-2026 06:47,Dwarka,5,151.35,121.08,0,11,3.14,Clear,0,96.73,Critical,45
19-04-2026 06:48,Dwarka,5,141.77,113.41,0,11,3.03,Clear,0,92.89,Critical,48
19-04-2026 06:49,Dwarka,5,134.38,107.51,0,11,2.72,Clear,0,86.83,Critical,43
19-04-2026 06:50,Dwarka,5,148.26,118.61,0,11,3.73,Clear,0,100.0,Critical,49
19-04-2026 06:51,Dwarka,5,146.18,116.95,0,11,2.87,Clear,0,91.77,Critical,47
19-04-2026 06:52,Dwarka,5,143.7,114.96,0,11,3.04,Clear,0,93.56,Critical,43
19-04-2026 06:53,Dwarka,5,112.76,90.21,0,10,2.67,Clear,0,79.51,Critical,41
19-04-2026 06:54,Dwarka,5,119.96,95.96,0,10,2.88,Clear,0,84.09,Critical,43
19-04-2026 06:55,Dwarka,5,128.17,102.54,0,10,3.66,Clear,0,97.06,Critical,47
19-04-2026 06:56,Dwarka,5,104.57,83.65,0,10,2.94,Clear,0,81.28,Critical,42
19-04-2026 06:57,Dwarka,5,124.35,99.48,0,10,2.66,Clear,0,82.08,Critical,40
19-04-2026 06:58,Dwarka,5,113.05,90.44,0,10,2.98,Clear,0,83.81,Critical,41
19-04-2026 06:59,Dwarka,5,132.42,105.93,0,10,2.63,Clear,0,83.58,Critical,39
19-04-2026 07:00,Dwarka,5,119.18,95.34,0,10,2.91,Clear,0,84.29,Critical,41
19-04-2026 07:01,Dwarka,5,122.61,98.09,0,10,2.48,Clear,0,79.14,Critical,38
19-04-2026 07:02,Dwarka,5,132.7,106.16,0,10,3.16,Clear,0,91.12,Critical,47
19-04-2026 07:03,Dwarka,5,109.42,87.54,0,10,2.73,Clear,0,79.53,Critical,37
19-04-2026 07:04,Dwarka,5,108.09,86.48,0,9,3.21,Clear,0,84.43,Critical,40
19-04-2026 07:05,Dwarka,5,119.52,95.62,0,9,3.23,Clear,0,87.43,Critical,46
19-04-2026 07:06,Dwarka,5,133.2,106.56,0,9,2.66,Clear,0,82.75,Critical,41
19-04-2026 07:07,Dwarka,5,101.91,81.53,0,9,2.42,Clear,0,71.77,Danger,36
19-04-2026 07:08,Dwarka,5,105.99,84.79,0,9,2.75,Clear,0,77.5,Critical,40
19-04-2026 07:09,Dwarka,5,119.0,95.2,0,9,2.43,Clear,0,76.13,Critical,37
19-04-2026 07:10,Dwarka,5,114.18,91.34,0,9,3.04,Clear,0,83.45,Critical,42
19-04-2026 07:11,Dwarka,5,105.41,84.32,0,9,2.81,Clear,0,78.11,Critical,37
19-04-2026 07:12,Dwarka,5,103.51,82.81,0,9,2.52,Clear,0,73.57,Danger,39
19-04-2026 07:13,Dwarka,5,101.28,81.03,0,9,2.88,Clear,0,78.09,Critical,38
19-04-2026 07:14,Dwarka,5,125.58,100.46,0,9,2.7,Clear,0,81.47,Critical,40
19-04-2026 07:15,Dwarka,5,111.65,89.32,0,8,2.51,Clear,0,73.97,Danger,34
19-04-2026 07:16,Dwarka,5,98.23,78.58,0,8,2.69,Clear,0,73.28,Danger,35
19-04-2026 07:17,Dwarka,5,103.12,82.49,0,8,2.35,Clear,0,69.7,Danger,35
19-04-2026 07:18,Dwarka,5,104.13,83.31,0,8,2.0,Clear,0,64.93,Danger,34
19-04-2026 07:19,Dwarka,5,102.75,82.2,0,8,2.08,Clear,0,65.83,Danger,33
19-04-2026 07:20,Dwarka,5,100.95,80.76,0,8,2.69,Clear,0,73.87,Danger,40
19-04-2026 07:21,Dwarka,5,86.74,69.39,0,8,2.78,Clear,0,71.79,Danger,36
19-04-2026 07:22,Dwarka,5,100.51,80.4,0,8,2.41,Clear,0,69.87,Danger,32
19-04-2026 07:23,Dwarka,5,98.0,78.4,0,8,2.04,Clear,0,64.11,Danger,34
19-04-2026 07:24,Dwarka,5,92.62,74.09,0,8,1.93,Clear,0,61.21,Danger,30
19-04-2026 07:25,Dwarka,5,82.7,66.16,0,8,2.6,Clear,0,68.3,Danger,34
19-04-2026 07:26,Dwarka,5,80.38,64.31,0,7,1.91,Clear,0,56.57,Danger,26
19-04-2026 07:27,Dwarka,5,91.27,73.02,0,7,2.64,Clear,0,69.34,Danger,33
19-04-2026 07:28,Dwarka,5,82.5,66.0,0,7,1.59,Clear,0,52.54,Moderate,27
19-04-2026 07:29,Dwarka,5,91.94,73.55,0,7,2.49,Clear,0,67.38,Danger,33
19-04-2026 07:30,Dwarka,5,98.07,78.45,0,7,2.4,Clear,0,67.61,Danger,32
19-04-2026 07:31,Dwarka,5,79.49,63.59,0,7,2.18,Clear,0,60.1,Danger,31
19-04-2026 07:32,Dwarka,5,77.17,61.74,0,7,2.36,Clear,0,62.05,Danger,31
19-04-2026 07:33,Dwarka,5,81.79,65.43,0,7,2.18,Clear,0,60.59,Danger,30
19-04-2026 07:34,Dwarka,5,64.35,51.48,0,7,1.47,Clear,0,46.57,Moderate,21
19-04-2026 07:35,Dwarka,5,96.47,77.18,0,7,2.2,Clear,0,64.42,Danger,30
19-04-2026 07:36,Dwarka,5,94.59,75.67,0,7,1.75,Clear,0,57.67,Danger,28
19-04-2026 07:37,Dwarka,5,80.25,64.2,0,6,1.41,Clear,0,48.04,Moderate,20
19-04-2026 07:38,Dwarka,5,110.49,88.39,0,6,1.81,Clear,0,60.86,Danger,29
19-04-2026 07:39,Dwarka,5,95.14,76.11,0,6,2.06,Clear,0,60.72,Danger,29
19-04-2026 07:40,Dwarka,5,82.19,65.75,0,6,2.21,Clear,0,59.7,Danger,32
19-04-2026 07:41,Dwarka,5,62.47,49.98,0,6,2.05,Clear,0,52.74,Moderate,26
19-04-2026 07:42,Dwarka,5,72.24,57.79,0,6,2.37,Clear,0,59.45,Danger,29
19-04-2026 07:43,Dwarka,5,68.57,54.86,0,6,1.68,Clear,0,49.01,Moderate,26
19-04-2026 07:44,Dwarka,5,66.81,53.45,0,6,1.2,Clear,0,41.79,Moderate,21
19-04-2026 07:45,Dwarka,5,76.36,61.09,0,6,1.86,Clear,0,53.3,Moderate,26
19-04-2026 07:46,Dwarka,5,71.13,56.91,0,6,1.93,Clear,0,53.03,Moderate,28
19-04-2026 07:47,Dwarka,5,75.88,60.71,0,6,0.68,Clear,0,36.71,Moderate,17
19-04-2026 07:48,Dwarka,5,80.4,64.32,0,5,1.45,Clear,0,47.08,Moderate,22
19-04-2026 07:49,Dwarka,5,48.74,38.99,0,5,2.09,Clear,0,48.52,Moderate,21
19-04-2026 07:50,Dwarka,5,67.57,54.06,0,5,1.35,Clear,0,42.6,Moderate,22
19-04-2026 07:51,Dwarka,5,75.21,60.17,0,5,1.78,Clear,0,50.49,Moderate,29
19-04-2026 07:52,Dwarka,5,59.38,47.5,0,5,1.54,Clear,0,43.35,Moderate,21
19-04-2026 07:53,Dwarka,5,87.35,69.88,0,5,1.49,Clear,0,49.29,Moderate,26
19-04-2026 07:54,Dwarka,5,63.75,51.0,0,5,1.54,Clear,0,44.37,Moderate,20
19-04-2026 07:55,Dwarka,5,39.27,31.41,0,5,1.65,Clear,0,40.07,Moderate,20
19-04-2026 07:56,Dwarka,5,61.87,49.49,0,5,1.63,Clear,0,45.12,Moderate,26
19-04-2026 07:57,Dwarka,5,42.73,34.18,0,5,1.33,Clear,0,36.34,Moderate,18
19-04-2026 07:58,Dwarka,5,59.15,47.32,0,5,1.28,Clear,0,39.64,Moderate,20
19-04-2026 07:59,Dwarka,5,67.49,53.99,0,4,1.48,Clear,0,42.95,Moderate,21
19-04-2026 08:00,Dwarka,5,59.06,47.25,0,4,1.24,Clear,0,37.5,Moderate,18
19-04-2026 08:01,Dwarka,5,64.63,51.7,0,4,1.36,Clear,0,40.6,Moderate,22
19-04-2026 08:02,Dwarka,5,47.66,38.13,0,4,1.14,Clear,0,33.39,Moderate,18
19-04-2026 08:03,Dwarka,5,39.28,31.42,0,4,1.32,Clear,0,33.84,Moderate,17
19-04-2026 08:04,Dwarka,5,38.35,30.68,0,4,1.43,Clear,0,35.18,Moderate,18
19-04-2026 08:05,Dwarka,5,49.85,39.88,0,4,1.27,Clear,0,35.8,Moderate,17
19-04-2026 08:06,Dwarka,5,64.51,51.6,0,4,2.15,Clear,0,51.53,Moderate,25
19-04-2026 08:07,Dwarka,5,34.69,27.75,0,4,1.41,Clear,0,34.04,Moderate,16
19-04-2026 08:08,Dwarka,5,33.76,27.01,0,4,0.91,Clear,0,26.84,Safe,6
19-04-2026 08:09,Dwarka,5,58.49,46.79,0,4,1.63,Clear,0,42.81,Moderate,23
19-04-2026 08:10,Dwarka,5,55.15,44.12,0,3,1.26,Clear,0,35.35,Moderate,17
19-04-2026 08:11,Dwarka,5,57.31,45.85,0,3,1.32,Clear,0,36.69,Moderate,13
19-04-2026 08:12,Dwarka,5,30.81,24.65,0,3,1.47,Clear,0,32.51,Moderate,15
19-04-2026 08:13,Dwarka,5,39.25,31.4,0,3,1.36,Clear,0,32.97,Moderate,13
19-04-2026 08:14,Dwarka,5,24.23,19.39,0,3,1.23,Clear,0,27.56,Safe,11
19-04-2026 08:15,Dwarka,5,23.97,19.18,0,3,1.86,Clear,0,36.3,Moderate,18
19-04-2026 08:16,Dwarka,5,43.95,35.16,0,3,1.17,Clear,0,31.38,Moderate,16
19-04-2026 08:17,Dwarka,5,37.42,29.94,0,3,1.78,Clear,0,38.4,Moderate,21
19-04-2026 08:18,Dwarka,5,54.16,43.33,0,3,0.59,Clear,0,25.79,Safe,15
19-04-2026 08:19,Dwarka,5,49.89,39.92,0,3,0.32,Clear,0,21.02,Safe,10
19-04-2026 08:20,Dwarka,5,38.16,30.53,0,3,1.07,Clear,0,28.65,Safe,15
